Export time: 2026/09/25 12:09:32 COT
Export duration: 70.799s

Export settings:
	Export Geometry: Models with Shape Fallback
	Output Path: C:\Users\Usuario\Downloads\fachadas_demo
	Simplify Terrain Meshes: true
	Terrain Layers: Export all selected terrain layers
	Terrain Mesh Resolution: [ 4096, 4096 ]
	applicationName: CityEngine
	applicationString: CityEngine 2026.0.12206 0612R
	applicationVendor: Esri R&D Center Zurich Inc.
	applicationVersion: 2026.0.12206 06122145
	atlasAddWrapBorder: true
	author: Usuario
	baseName: casas demo
	collectTextures: true
	createShapeGroups: false
	createTextureAtlases: false
	embedTextures: false
	encoderID: com.esri.prt.codecs.FBXEncoder
	encoderName: Autodesk FBX
	errorFallback: true
	existingFiles: OVERWRITE
	facesWithHoles: TRIANGULATE_FACES_WITH_HOLES
	fileGranularity: MEMORY_BUDGET
	fileType: BINARY
	globalOffset: [ -594458.61328125, -2679.279296875, 503201.92028808594 ]
	includeMaterials: true
	localOffset: NONE
	maxAtlasDim: 11
	memoryBudget: 500
	mergeNormals: true
	mergeTexcoords: true
	mergeVertices: true
	meshGranularity: INSTANCED
	normalPrecision: 0.001
	normalsIndexing: INDEXED
	outputPath: 
	sceneFile: /CityEngine_Tour/scenes/casas demo.cej
	script: 
	shapeNameDelimiter: _
	tempPath: 
	texcoordPrecision: 1.0E-4
	textureCoordinates: ALL
	triangulateMeshes: false
	vertexNormals: SET_MISSING
	vertexPrecision: 0.001
	writeLog: true

Initial shapes:
	   0 :   OK                'multipolygon_12856115'             OID 'a3da4454-fe40-11b2-b871-0012b3857a5f'
	   1 :   OK                'Juan Pablo II'                     OID 'afa8a154-fe40-11b2-b871-0012b3857a5f'
	   2 :   OK                'way_757373152'                     OID 'b08bd49c-fe40-11b2-b871-0012b3857a5f'
	   3 :   OK                'way_757408209'                     OID 'b0983304-fe40-11b2-b871-0012b3857a5f'
	   4 :   OK                'way_758848581'                     OID 'b0dce0a8-fe40-11b2-b871-0012b3857a5f'
	   5 :   OK                'USS Vista Hermosa'                 OID 'b1ba9f74-fe40-11b2-b871-0012b3857a5f'
	   6 :   OK                'way_758856803'                     OID 'b1bed1ac-fe40-11b2-b871-0012b3857a5f'
	   7 :   OK                'way_758858105'                     OID 'b1c02840-fe40-11b2-b871-0012b3857a5f'
	   8 :   OK                'way_758861161'                     OID 'b1e89a8c-fe40-11b2-b871-0012b3857a5f'
	   9 :   OK                'way_758861162'                     OID 'b1ea6d58-fe40-11b2-b871-0012b3857a5f'
	  10 :   OK                'way_758867550'                     OID 'b210ccc8-fe40-11b2-b871-0012b3857a5f'
	  11 :   OK                'way_761287217'                     OID 'b4148f8c-fe40-11b2-b871-0012b3857a5f'
	  12 :   OK                'CAI Vista Hermosa'                 OID 'b41b2a90-fe40-11b2-b871-0012b3857a5f'
	  13 :   OK                'way_954998606'                     OID 'b508e5f0-fe40-11b2-b871-0012b3857a5f'
	  14 :   OK                'way_954998607'                     OID 'b50cd430-fe40-11b2-b871-0012b3857a5f'
	  15 :   OK                'way_954998608'                     OID 'b510964c-fe40-11b2-b871-0012b3857a5f'
	  16 :   OK                'way_954998609'                     OID 'b512f1d0-fe40-11b2-b871-0012b3857a5f'
	  17 :   OK                'way_954998610'                     OID 'b5193d88-fe40-11b2-b871-0012b3857a5f'
	  18 :   OK                'way_954998611'                     OID 'b51d76c8-fe40-11b2-b871-0012b3857a5f'
	  19 :   OK                'way_954998612'                     OID 'b520413c-fe40-11b2-b871-0012b3857a5f'
	  20 :   OK                'way_954998613'                     OID 'b52214d0-fe40-11b2-b871-0012b3857a5f'
	  21 :   OK                'way_954998614'                     OID 'b5246b40-fe40-11b2-b871-0012b3857a5f'
	  22 :   OK                'way_954998615'                     OID 'b526c534-fe40-11b2-b871-0012b3857a5f'
	  23 :   OK                'way_954998616'                     OID 'b5290498-fe40-11b2-b871-0012b3857a5f'
	  24 :   OK                'way_954998617'                     OID 'b52ca008-fe40-11b2-b871-0012b3857a5f'
	  25 :   OK                'way_954998618'                     OID 'b52ff460-fe40-11b2-b871-0012b3857a5f'
	  26 :   OK                'way_954998619'                     OID 'b532280c-fe40-11b2-b871-0012b3857a5f'
	  27 :   OK                'way_954998620'                     OID 'b534c3a0-fe40-11b2-b871-0012b3857a5f'
	  28 :   OK                'way_954998621'                     OID 'b53681b8-fe40-11b2-b871-0012b3857a5f'
	  29 :   OK                'way_954998622'                     OID 'b53a6634-fe40-11b2-b871-0012b3857a5f'
	  30 :   OK                'way_954998623'                     OID 'b53d3f1c-fe40-11b2-b871-0012b3857a5f'
	  31 :   OK                'way_954998624'                     OID 'b53f5af4-fe40-11b2-b871-0012b3857a5f'
	  32 :   OK                'way_955062373'                     OID 'b5416470-fe40-11b2-b871-0012b3857a5f'
	  33 :   OK                'way_955062376'                     OID 'b545443c-fe40-11b2-b871-0012b3857a5f'
	  34 :   OK                'way_955062377'                     OID 'b54982f4-fe40-11b2-b871-0012b3857a5f'
	  35 :   OK                'way_955062378'                     OID 'b54c47f0-fe40-11b2-b871-0012b3857a5f'
	  36 :   OK                'way_955062379'                     OID 'b54dee34-fe40-11b2-b871-0012b3857a5f'
	  37 :   OK                'way_955062380'                     OID 'b54ffeb8-fe40-11b2-b871-0012b3857a5f'
	  38 :   OK                'way_955062381'                     OID 'b5560484-fe40-11b2-b871-0012b3857a5f'
	  39 :   OK                'way_955062382'                     OID 'b558e2e4-fe40-11b2-b871-0012b3857a5f'
	  40 :   OK                'way_955062383'                     OID 'b55acde8-fe40-11b2-b871-0012b3857a5f'
	  41 :   OK                'way_955062384'                     OID 'b55c9df8-fe40-11b2-b871-0012b3857a5f'
	  42 :   OK                'way_955062385'                     OID 'b55e9a2c-fe40-11b2-b871-0012b3857a5f'
	  43 :   OK                'way_955062386'                     OID 'b55feecc-fe40-11b2-b871-0012b3857a5f'
	  44 :   OK                'way_955062387'                     OID 'b561dfac-fe40-11b2-b871-0012b3857a5f'
	  45 :   OK                'way_955062388'                     OID 'b563be30-fe40-11b2-b871-0012b3857a5f'
	  46 :   OK                'way_955062389'                     OID 'b5683b04-fe40-11b2-b871-0012b3857a5f'
	  47 :   OK                'way_955062390'                     OID 'b56c5054-fe40-11b2-b871-0012b3857a5f'
	  48 :   OK                'way_955062391'                     OID 'b56ec9ec-fe40-11b2-b871-0012b3857a5f'
	  49 :   OK                'way_955062392'                     OID 'b570fadc-fe40-11b2-b871-0012b3857a5f'
	  50 :   OK                'way_955062393'                     OID 'b57c8c30-fe40-11b2-b871-0012b3857a5f'
	  51 :   OK                'way_955062394'                     OID 'b57fa910-fe40-11b2-b871-0012b3857a5f'
	  52 :   OK                'way_955062395'                     OID 'b581af08-fe40-11b2-b871-0012b3857a5f'
	  53 :   OK                'way_955062396'                     OID 'b583d440-fe40-11b2-b871-0012b3857a5f'
	  54 :   OK                'way_955062397'                     OID 'b58762cc-fe40-11b2-b871-0012b3857a5f'
	  55 :   OK                'way_955062398'                     OID 'b5890dc0-fe40-11b2-b871-0012b3857a5f'
	  56 :   OK                'way_955081037'                     OID 'b58af860-fe40-11b2-b871-0012b3857a5f'
	  57 :   OK                'way_955081038'                     OID 'b58ce170-fe40-11b2-b871-0012b3857a5f'
	  58 :   OK                'way_955081039'                     OID 'b58eb1e4-fe40-11b2-b871-0012b3857a5f'
	  59 :   OK                'way_955081040'                     OID 'b59007b0-fe40-11b2-b871-0012b3857a5f'
	  60 :   OK                'way_955081041'                     OID 'b591f3e0-fe40-11b2-b871-0012b3857a5f'
	  61 :   OK                'way_955081042'                     OID 'b5940fb8-fe40-11b2-b871-0012b3857a5f'
	  62 :   OK                'way_955081043'                     OID 'b5965d90-fe40-11b2-b871-0012b3857a5f'
	  63 :   OK                'way_955081044'                     OID 'b598e470-fe40-11b2-b871-0012b3857a5f'
	  64 :   OK                'way_955081045'                     OID 'b59b4378-fe40-11b2-b871-0012b3857a5f'
	  65 :   OK                'way_955081046'                     OID 'b59d3f48-fe40-11b2-b871-0012b3857a5f'
	  66 :   OK                'way_955081047'                     OID 'b59e863c-fe40-11b2-b871-0012b3857a5f'
	  67 :   OK                'way_955081048'                     OID 'b5a061a0-fe40-11b2-b871-0012b3857a5f'
	  68 :   OK                'way_955081049'                     OID 'b5a24b78-fe40-11b2-b871-0012b3857a5f'
	  69 :   OK                'way_955081050'                     OID 'b5a42b28-fe40-11b2-b871-0012b3857a5f'
	  70 :   OK                'way_955081051'                     OID 'b5a5802c-fe40-11b2-b871-0012b3857a5f'
	  71 :   OK                'way_955086648'                     OID 'b5ac0d20-fe40-11b2-b871-0012b3857a5f'
	  72 :   OK                'way_955086649'                     OID 'b5ae6778-fe40-11b2-b871-0012b3857a5f'
	  73 :   OK                'way_955086650'                     OID 'b5b22cb4-fe40-11b2-b871-0012b3857a5f'
	  74 :   OK                'way_955086651'                     OID 'b5b55038-fe40-11b2-b871-0012b3857a5f'
	  75 :   OK                'way_955086652'                     OID 'b5b75ec8-fe40-11b2-b871-0012b3857a5f'
	  76 :   OK                'way_955086653'                     OID 'b5b9a854-fe40-11b2-b871-0012b3857a5f'
	  77 :   OK                'way_955086654'                     OID 'b5bb1018-fe40-11b2-b871-0012b3857a5f'
	  78 :   OK                'way_955114172'                     OID 'b5bd72a4-fe40-11b2-b871-0012b3857a5f'
	  79 :   OK                'way_955114173'                     OID 'b5bffb78-fe40-11b2-b871-0012b3857a5f'
	  80 :   OK                'way_955114174'                     OID 'b5c1ea64-fe40-11b2-b871-0012b3857a5f'
	  81 :   OK                'way_955114175'                     OID 'b5c3622c-fe40-11b2-b871-0012b3857a5f'
	  82 :   OK                'way_955114176'                     OID 'b5c52364-fe40-11b2-b871-0012b3857a5f'
	  83 :   OK                'way_955121517'                     OID 'b5c6fa18-fe40-11b2-b871-0012b3857a5f'
	  84 :   OK                'way_955121518'                     OID 'b5c87564-fe40-11b2-b871-0012b3857a5f'
	  85 :   OK                'way_955121519'                     OID 'b5cabbd0-fe40-11b2-b871-0012b3857a5f'
	  86 :   OK                'way_955121520'                     OID 'b5d309fc-fe40-11b2-b871-0012b3857a5f'
	  87 :   OK                'way_955121521'                     OID 'b5e5ec5c-fe40-11b2-b871-0012b3857a5f'
	  88 :   OK                'way_955121522'                     OID 'b5e7f31c-fe40-11b2-b871-0012b3857a5f'
	  89 :   OK                'way_955121523'                     OID 'b5ea178c-fe40-11b2-b871-0012b3857a5f'
	  90 :   OK                'way_955121524'                     OID 'b5ebf548-fe40-11b2-b871-0012b3857a5f'
	  91 :   OK                'way_955121525'                     OID 'b5edd5c0-fe40-11b2-b871-0012b3857a5f'
	  92 :   OK                'way_955121526'                     OID 'b5ef0670-fe40-11b2-b871-0012b3857a5f'
	  93 :   OK                'way_955123554'                     OID 'b5f0ccbc-fe40-11b2-b871-0012b3857a5f'
	  94 :   OK                'way_955123556'                     OID 'b5f29948-fe40-11b2-b871-0012b3857a5f'
	  95 :   OK                'way_955123557'                     OID 'b5f45c10-fe40-11b2-b871-0012b3857a5f'
	  96 :   OK                'way_955123558'                     OID 'b5f5a688-fe40-11b2-b871-0012b3857a5f'
	  97 :   OK                'way_955123559'                     OID 'b5f76ec8-fe40-11b2-b871-0012b3857a5f'
	  98 :   OK                'way_955123560'                     OID 'b5f92ed4-fe40-11b2-b871-0012b3857a5f'
	  99 :   OK                'way_955123561'                     OID 'b5fae9cc-fe40-11b2-b871-0012b3857a5f'
	 100 :   OK                'way_955123562'                     OID 'b5fc8390-fe40-11b2-b871-0012b3857a5f'
	 101 :   OK                'way_955123563'                     OID 'b5fe6e94-fe40-11b2-b871-0012b3857a5f'
	 102 :   OK                'way_955452103'                     OID 'b6005100-fe40-11b2-b871-0012b3857a5f'
	 103 :   OK                'way_955452104'                     OID 'b60231dc-fe40-11b2-b871-0012b3857a5f'
	 104 :   OK                'way_955452105'                     OID 'b603ad28-fe40-11b2-b871-0012b3857a5f'
	 105 :   OK                'way_955452106'                     OID 'b605f394-fe40-11b2-b871-0012b3857a5f'
	 106 :   OK                'way_955452107'                     OID 'b609947c-fe40-11b2-b871-0012b3857a5f'
	 107 :   OK                'way_955452108'                     OID 'b60c3010-fe40-11b2-b871-0012b3857a5f'
	 108 :   OK                'way_955452109'                     OID 'b60e7bf4-fe40-11b2-b871-0012b3857a5f'
	 109 :   OK                'way_955452110'                     OID 'b6104880-fe40-11b2-b871-0012b3857a5f'
	 110 :   OK                'way_955452111'                     OID 'b616b9b8-fe40-11b2-b871-0012b3857a5f'
	 111 :   OK                'way_955452112'                     OID 'b618a32c-fe40-11b2-b871-0012b3857a5f'
	 112 :   OK                'way_955452113'                     OID 'b61b3b3c-fe40-11b2-b871-0012b3857a5f'
	 113 :   OK                'way_955452114'                     OID 'b61d11f0-fe40-11b2-b871-0012b3857a5f'
	 114 :   OK                'way_955452115'                     OID 'b61ed8a0-fe40-11b2-b871-0012b3857a5f'
	 115 :   OK                'way_955452116'                     OID 'b6202890-fe40-11b2-b871-0012b3857a5f'
	 116 :   OK                'way_955452117'                     OID 'b6223d60-fe40-11b2-b871-0012b3857a5f'
	 117 :   OK                'way_955452118'                     OID 'b6241220-fe40-11b2-b871-0012b3857a5f'
	 118 :   OK                'way_955452119'                     OID 'b625d2f4-fe40-11b2-b871-0012b3857a5f'
	 119 :   OK                'way_955452120'                     OID 'b626ff58-fe40-11b2-b871-0012b3857a5f'
	 120 :   OK                'way_955452121'                     OID 'b628bab4-fe40-11b2-b871-0012b3857a5f'
	 121 :   OK                'way_955452122'                     OID 'b62a7610-fe40-11b2-b871-0012b3857a5f'
	 122 :   OK                'way_955452123'                     OID 'b62c3f7c-fe40-11b2-b871-0012b3857a5f'
	 123 :   OK                'way_955452124'                     OID 'b62d892c-fe40-11b2-b871-0012b3857a5f'
	 124 :   OK                'way_955452125'                     OID 'b62f2fd4-fe40-11b2-b871-0012b3857a5f'
	 125 :   OK                'way_955452126'                     OID 'b6316448-fe40-11b2-b871-0012b3857a5f'
	 126 :   OK                'way_955452127'                     OID 'b6361da8-fe40-11b2-b871-0012b3857a5f'
	 127 :   OK                'way_955452128'                     OID 'b6399848-fe40-11b2-b871-0012b3857a5f'
	 128 :   OK                'way_955452130'                     OID 'b63c2e64-fe40-11b2-b871-0012b3857a5f'
	 129 :   OK                'way_955452131'                     OID 'b63f7704-fe40-11b2-b871-0012b3857a5f'
	 130 :   OK                'way_955452132'                     OID 'b64247b8-fe40-11b2-b871-0012b3857a5f'
	 131 :   OK                'way_955452133'                     OID 'b6453a04-fe40-11b2-b871-0012b3857a5f'
	 132 :   OK                'way_955452134'                     OID 'b64841cc-fe40-11b2-b871-0012b3857a5f'
	 133 :   OK                'way_955452135'                     OID 'b650c068-fe40-11b2-b871-0012b3857a5f'
	 134 :   OK                'way_955452136'                     OID 'b6590e30-fe40-11b2-b871-0012b3857a5f'
	 135 :   OK                'way_955452137'                     OID 'b65c7480-fe40-11b2-b871-0012b3857a5f'
	 136 :   OK                'way_955452138'                     OID 'b65e94a4-fe40-11b2-b871-0012b3857a5f'
	 137 :   OK                'way_955452139'                     OID 'b6610090-fe40-11b2-b871-0012b3857a5f'
	 138 :   OK                'way_955452140'                     OID 'b6630a0c-fe40-11b2-b871-0012b3857a5f'
	 139 :   OK                'way_955452141'                     OID 'b6670ef4-fe40-11b2-b871-0012b3857a5f'
	 140 :   OK                'way_955452142'                     OID 'b66a4150-fe40-11b2-b871-0012b3857a5f'
	 141 :   OK                'way_955452143'                     OID 'b66c6d2c-fe40-11b2-b871-0012b3857a5f'
	 142 :   OK                'way_955452144'                     OID 'b66dd93c-fe40-11b2-b871-0012b3857a5f'
	 143 :   OK                'way_955452145'                     OID 'b66fc634-fe40-11b2-b871-0012b3857a5f'
	 144 :   OK                'way_955452146'                     OID 'b671a774-fe40-11b2-b871-0012b3857a5f'
	 145 :   OK                'way_955452147'                     OID 'b6737400-fe40-11b2-b871-0012b3857a5f'
	 146 :   OK                'way_955452148'                     OID 'b67526c4-fe40-11b2-b871-0012b3857a5f'
	 147 :   OK                'way_955452149'                     OID 'b67872e8-fe40-11b2-b871-0012b3857a5f'
	 148 :   OK                'way_955452150'                     OID 'b67a8d30-fe40-11b2-b871-0012b3857a5f'
	 149 :   OK                'way_955452151'                     OID 'b67c7320-fe40-11b2-b871-0012b3857a5f'
	 150 :   OK                'way_955452152'                     OID 'b67dbe60-fe40-11b2-b871-0012b3857a5f'
	 151 :   OK                'way_955452153'                     OID 'b67f9e74-fe40-11b2-b871-0012b3857a5f'
	 152 :   OK                'way_955452154'                     OID 'b6817334-fe40-11b2-b871-0012b3857a5f'
	 153 :   OK                'way_955452155'                     OID 'b682b12c-fe40-11b2-b871-0012b3857a5f'
	 154 :   OK                'way_955452156'                     OID 'b68460d0-fe40-11b2-b871-0012b3857a5f'
	 155 :   OK                'way_955452157'                     OID 'b68635f4-fe40-11b2-b871-0012b3857a5f'
	 156 :   OK                'way_955452158'                     OID 'b68a7ed4-fe40-11b2-b871-0012b3857a5f'
	 157 :   OK                'way_955452159'                     OID 'b68f05d0-fe40-11b2-b871-0012b3857a5f'
	 158 :   OK                'way_955452160'                     OID 'b6914bd8-fe40-11b2-b871-0012b3857a5f'
	 159 :   OK                'way_955452161'                     OID 'b69337a4-fe40-11b2-b871-0012b3857a5f'
	 160 :   OK                'way_955452162'                     OID 'b6959db4-fe40-11b2-b871-0012b3857a5f'
	 161 :   OK                'way_955452163'                     OID 'b6970578-fe40-11b2-b871-0012b3857a5f'
	 162 :   OK                'way_955452164'                     OID 'b6c194c8-fe40-11b2-b871-0012b3857a5f'
	 163 :   OK                'way_955452165'                     OID 'b6c74954-fe40-11b2-b871-0012b3857a5f'
	 164 :   OK                'way_955452166'                     OID 'b6c936b0-fe40-11b2-b871-0012b3857a5f'
	 165 :   OK                'way_955452167'                     OID 'b6ca5950-fe40-11b2-b871-0012b3857a5f'
	 166 :   OK                'way_955452168'                     OID 'b6cbe248-fe40-11b2-b871-0012b3857a5f'
	 167 :   OK                'way_955452169'                     OID 'b6cdaa24-fe40-11b2-b871-0012b3857a5f'
	 168 :   OK                'way_955452170'                     OID 'b6cf700c-fe40-11b2-b871-0012b3857a5f'
	 169 :   OK                'way_955452171'                     OID 'b6d0a6fc-fe40-11b2-b871-0012b3857a5f'
	 170 :   OK                'way_955452172'                     OID 'b6d27a90-fe40-11b2-b871-0012b3857a5f'
	 171 :   OK                'way_955452173'                     OID 'b6d76140-fe40-11b2-b871-0012b3857a5f'
	 172 :   OK                'way_955452174'                     OID 'b6d9ea78-fe40-11b2-b871-0012b3857a5f'
	 173 :   OK                'way_955452175'                     OID 'b6db393c-fe40-11b2-b871-0012b3857a5f'
	 174 :   OK                'way_955452176'                     OID 'b6dcd1d4-fe40-11b2-b871-0012b3857a5f'
	 175 :   OK                'way_955452177'                     OID 'b6de5d88-fe40-11b2-b871-0012b3857a5f'
	 176 :   OK                'way_955452178'                     OID 'b6df5080-fe40-11b2-b871-0012b3857a5f'
	 177 :   OK                'way_955452179'                     OID 'b6e0ceec-fe40-11b2-b871-0012b3857a5f'
	 178 :   OK                'way_955452180'                     OID 'b6e29ab0-fe40-11b2-b871-0012b3857a5f'
	 179 :   OK                'way_955452181'                     OID 'b6e44158-fe40-11b2-b871-0012b3857a5f'
	 180 :   OK                'way_955452182'                     OID 'b6e54d50-fe40-11b2-b871-0012b3857a5f'
	 181 :   OK                'way_955452183'                     OID 'b6e6c25c-fe40-11b2-b871-0012b3857a5f'
	 182 :   OK                'way_955452184'                     OID 'b6e845dc-fe40-11b2-b871-0012b3857a5f'
	 183 :   OK                'way_955452185'                     OID 'b6ea1204-fe40-11b2-b871-0012b3857a5f'
	 184 :   OK                'way_955452186'                     OID 'b6eb324c-fe40-11b2-b871-0012b3857a5f'
	 185 :   OK                'way_955452187'                     OID 'b6ece7cc-fe40-11b2-b871-0012b3857a5f'
	 186 :   OK                'way_955452188'                     OID 'b6ee844c-fe40-11b2-b871-0012b3857a5f'
	 187 :   OK                'way_955452189'                     OID 'b6f01fa0-fe40-11b2-b871-0012b3857a5f'
	 188 :   OK                'way_955452190'                     OID 'b6f14a74-fe40-11b2-b871-0012b3857a5f'
	 189 :   OK                'way_955452191'                     OID 'b6f53b0c-fe40-11b2-b871-0012b3857a5f'
	 190 :   OK                'way_955452192'                     OID 'b6f934a0-fe40-11b2-b871-0012b3857a5f'
	 191 :   OK                'way_955452193'                     OID 'b6fda814-fe40-11b2-b871-0012b3857a5f'
	 192 :   OK                'way_955454809'                     OID 'b7030bc4-fe40-11b2-b871-0012b3857a5f'
	 193 :   OK                'way_955459877'                     OID 'b7176c90-fe40-11b2-b871-0012b3857a5f'
	 194 :   OK                'way_955459879'                     OID 'b7251ed0-fe40-11b2-b871-0012b3857a5f'
	 195 :   OK                'way_955459880'                     OID 'b72d42cc-fe40-11b2-b871-0012b3857a5f'
	 196 :   OK                'way_955459881'                     OID 'b72f6930-fe40-11b2-b871-0012b3857a5f'
	 197 :   OK                'way_955459882'                     OID 'b73121d0-fe40-11b2-b871-0012b3857a5f'
	 198 :   OK                'way_955459883'                     OID 'b732c74c-fe40-11b2-b871-0012b3857a5f'
	 199 :   OK                'way_955459884'                     OID 'b7346b38-fe40-11b2-b871-0012b3857a5f'
	 200 :   OK                'way_955459885'                     OID 'b73595a8-fe40-11b2-b871-0012b3857a5f'
	 201 :   OK                'way_955459886'                     OID 'b7372fd0-fe40-11b2-b871-0012b3857a5f'
	 202 :   OK                'way_955459887'                     OID 'b738bbe8-fe40-11b2-b871-0012b3857a5f'
	 203 :   OK                'way_955459888'                     OID 'b73a5d18-fe40-11b2-b871-0012b3857a5f'
	 204 :   OK                'way_955459889'                     OID 'b73b8fbc-fe40-11b2-b871-0012b3857a5f'
	 205 :   OK                'way_955459890'                     OID 'b73d46cc-fe40-11b2-b871-0012b3857a5f'
	 206 :   OK                'way_955459891'                     OID 'b73efc4c-fe40-11b2-b871-0012b3857a5f'
	 207 :   OK                'way_955459892'                     OID 'b740ad1c-fe40-11b2-b871-0012b3857a5f'
	 208 :   OK                'way_955459893'                     OID 'b741e7f4-fe40-11b2-b871-0012b3857a5f'
	 209 :   OK                'way_955459894'                     OID 'b743c5b0-fe40-11b2-b871-0012b3857a5f'
	 210 :   OK                'way_955459895'                     OID 'b7474c6c-fe40-11b2-b871-0012b3857a5f'
	 211 :   OK                'way_955459896'                     OID 'b74aae70-fe40-11b2-b871-0012b3857a5f'
	 212 :   OK                'way_956431608'                     OID 'b74bf690-fe40-11b2-b871-0012b3857a5f'
	 213 :   OK                'way_956431609'                     OID 'b74d90b8-fe40-11b2-b871-0012b3857a5f'
	 214 :   OK                'way_956431610'                     OID 'b74f2a18-fe40-11b2-b871-0012b3857a5f'
	 215 :   OK                'way_956431611'                     OID 'b7504740-fe40-11b2-b871-0012b3857a5f'
	 216 :   OK                'way_956431612'                     OID 'b764d688-fe40-11b2-b871-0012b3857a5f'
	 217 :   OK                'way_956431613'                     OID 'b769a820-fe40-11b2-b871-0012b3857a5f'
	 218 :   OK                'way_956431614'                     OID 'b76bba98-fe40-11b2-b871-0012b3857a5f'
	 219 :   OK                'way_956431617'                     OID 'b76cf444-fe40-11b2-b871-0012b3857a5f'
	 220 :   OK                'way_956431618'                     OID 'b76e8700-fe40-11b2-b871-0012b3857a5f'
	 221 :   OK                'way_956431619'                     OID 'b77022b8-fe40-11b2-b871-0012b3857a5f'
	 222 :   OK                'way_956431620'                     OID 'b771d70c-fe40-11b2-b871-0012b3857a5f'
	 223 :   OK                'way_956431621'                     OID 'b772ec64-fe40-11b2-b871-0012b3857a5f'
	 224 :   OK                'way_956431622'                     OID 'b7748d30-fe40-11b2-b871-0012b3857a5f'
	 225 :   OK                'way_956431623'                     OID 'b7763950-fe40-11b2-b871-0012b3857a5f'
	 226 :   OK                'way_956431624'                     OID 'b7780e10-fe40-11b2-b871-0012b3857a5f'
	 227 :   OK                'way_956431625'                     OID 'b7792d2c-fe40-11b2-b871-0012b3857a5f'
	 228 :   OK                'way_956431626'                     OID 'b77e205c-fe40-11b2-b871-0012b3857a5f'
	 229 :   OK                'way_956431627'                     OID 'b782e63c-fe40-11b2-b871-0012b3857a5f'
	 230 :   OK                'way_956431628'                     OID 'b789056c-fe40-11b2-b871-0012b3857a5f'
	 231 :   OK                'way_956431629'                     OID 'b792fa40-fe40-11b2-b871-0012b3857a5f'
	 232 :   OK                'way_956431630'                     OID 'b7b12f10-fe40-11b2-b871-0012b3857a5f'
	 233 :   OK                'way_956431631'                     OID 'b7b50770-fe40-11b2-b871-0012b3857a5f'
	 234 :   OK                'way_956431632'                     OID 'b7b895fc-fe40-11b2-b871-0012b3857a5f'
	 235 :   OK                'way_956431633'                     OID 'b7ba7d18-fe40-11b2-b871-0012b3857a5f'
	 236 :   OK                'way_956431634'                     OID 'b7bc7c08-fe40-11b2-b871-0012b3857a5f'
	 237 :   OK                'way_956431635'                     OID 'b7bf1030-fe40-11b2-b871-0012b3857a5f'
	 238 :   OK                'way_956431636'                     OID 'b7c067f0-fe40-11b2-b871-0012b3857a5f'
	 239 :   OK                'way_956431637'                     OID 'b7c20e34-fe40-11b2-b871-0012b3857a5f'
	 240 :   OK                'way_956437804'                     OID 'b7eadd14-fe40-11b2-b871-0012b3857a5f'
	 241 :   OK                'way_956437805'                     OID 'b7f090d8-fe40-11b2-b871-0012b3857a5f'
	 242 :   OK                'way_956437806'                     OID 'b7f215e8-fe40-11b2-b871-0012b3857a5f'
	 243 :   OK                'way_956437807'                     OID 'b7f3c398-fe40-11b2-b871-0012b3857a5f'
	 244 :   OK                'way_956437808'                     OID 'b7f55cf8-fe40-11b2-b871-0012b3857a5f'
	 245 :   OK                'way_956437809'                     OID 'b7f71660-fe40-11b2-b871-0012b3857a5f'
	 246 :   OK                'way_956437810'                     OID 'b7f81d44-fe40-11b2-b871-0012b3857a5f'
	 247 :   OK                'way_956437811'                     OID 'b7f9c900-fe40-11b2-b871-0012b3857a5f'
	 248 :   OK                'way_956437812'                     OID 'b7fb64b8-fe40-11b2-b871-0012b3857a5f'
	 249 :   OK                'way_956437814'                     OID 'b7fcf454-fe40-11b2-b871-0012b3857a5f'
	 250 :   OK                'way_956437815'                     OID 'b7fdf8e0-fe40-11b2-b871-0012b3857a5f'
	 251 :   OK                'way_956437816'                     OID 'b800ae3c-fe40-11b2-b871-0012b3857a5f'
	 252 :   OK                'way_956437817'                     OID 'b802d824-fe40-11b2-b871-0012b3857a5f'
	 253 :   OK                'way_956437818'                     OID 'b8046d9c-fe40-11b2-b871-0012b3857a5f'
	 254 :   OK                'way_956437819'                     OID 'b8056ddc-fe40-11b2-b871-0012b3857a5f'
	 255 :   OK                'way_956437820'                     OID 'b806e3b0-fe40-11b2-b871-0012b3857a5f'
	 256 :   OK                'way_956437821'                     OID 'b8086d70-fe40-11b2-b871-0012b3857a5f'
	 257 :   OK                'way_956437823'                     OID 'b809e984-fe40-11b2-b871-0012b3857a5f'
	 258 :   OK                'way_956437824'                     OID 'b80adda8-fe40-11b2-b871-0012b3857a5f'
	 259 :   OK                'way_956437825'                     OID 'b80c6510-fe40-11b2-b871-0012b3857a5f'
	 260 :   OK                'way_956437826'                     OID 'b80dfda8-fe40-11b2-b871-0012b3857a5f'
	 261 :   OK                'way_956437827'                     OID 'b80f09a0-fe40-11b2-b871-0012b3857a5f'
	 262 :   OK                'way_956437828'                     OID 'b810af1c-fe40-11b2-b871-0012b3857a5f'
	 263 :   OK                'way_956437829'                     OID 'b812180c-fe40-11b2-b871-0012b3857a5f'
	 264 :   OK                'way_956437830'                     OID 'b813aeb0-fe40-11b2-b871-0012b3857a5f'
	 265 :   OK                'way_956437831'                     OID 'b814aa40-fe40-11b2-b871-0012b3857a5f'
	 266 :   OK                'way_956437832'                     OID 'b8165340-fe40-11b2-b871-0012b3857a5f'
	 267 :   OK                'way_956437833'                     OID 'b81a1818-fe40-11b2-b871-0012b3857a5f'
	 268 :   OK                'way_956949937'                     OID 'b81df078-fe40-11b2-b871-0012b3857a5f'
	 269 :   OK                'way_956949938'                     OID 'b81f489c-fe40-11b2-b871-0012b3857a5f'
	 270 :   OK                'way_956949939'                     OID 'b820d068-fe40-11b2-b871-0012b3857a5f'
	 271 :   OK                'way_956949940'                     OID 'b822819c-fe40-11b2-b871-0012b3857a5f'
	 272 :   OK                'way_956949941'                     OID 'b82407d8-fe40-11b2-b871-0012b3857a5f'
	 273 :   OK                'way_956949942'                     OID 'b82501d8-fe40-11b2-b871-0012b3857a5f'
	 274 :   OK                'way_956949943'                     OID 'b82688dc-fe40-11b2-b871-0012b3857a5f'
	 275 :   OK                'way_956949944'                     OID 'b8281d28-fe40-11b2-b871-0012b3857a5f'
	 276 :   OK                'way_956965762'                     OID 'b829ab34-fe40-11b2-b871-0012b3857a5f'
	 277 :   OK                'way_956965763'                     OID 'b82ab344-fe40-11b2-b871-0012b3857a5f'
	 278 :   OK                'way_956965764'                     OID 'b82c6be4-fe40-11b2-b871-0012b3857a5f'
	 279 :   OK                'way_956965765'                     OID 'b82f8c48-fe40-11b2-b871-0012b3857a5f'
	 280 :   OK                'way_956965766'                     OID 'b837a108-fe40-11b2-b871-0012b3857a5f'
	 281 :   OK                'way_956965767'                     OID 'b83b9b64-fe40-11b2-b871-0012b3857a5f'
	 282 :   OK                'way_956965768'                     OID 'b83f78d8-fe40-11b2-b871-0012b3857a5f'
	 283 :   OK                'way_956965769'                     OID 'b848c230-fe40-11b2-b871-0012b3857a5f'
	 284 :   OK                'way_956965770'                     OID 'b84aa1e0-fe40-11b2-b871-0012b3857a5f'
	 285 :   OK                'way_956965771'                     OID 'b84c605c-fe40-11b2-b871-0012b3857a5f'
	 286 :   OK                'way_956965772'                     OID 'b84e16a4-fe40-11b2-b871-0012b3857a5f'
	 287 :   OK                'way_956965773'                     OID 'b84fa6a4-fe40-11b2-b871-0012b3857a5f'
	 288 :   OK                'way_956965774'                     OID 'b8535088-fe40-11b2-b871-0012b3857a5f'
	 289 :   OK                'way_956965775'                     OID 'b8552c50-fe40-11b2-b871-0012b3857a5f'
	 290 :   OK                'way_956965776'                     OID 'b856a544-fe40-11b2-b871-0012b3857a5f'
	 291 :   OK                'way_956965777'                     OID 'b8580b78-fe40-11b2-b871-0012b3857a5f'
	 292 :   OK                'way_956965778'                     OID 'b858ed40-fe40-11b2-b871-0012b3857a5f'
	 293 :   OK                'way_956965779'                     OID 'b85a4500-fe40-11b2-b871-0012b3857a5f'
	 294 :   OK                'way_956965780'                     OID 'b85d0bf0-fe40-11b2-b871-0012b3857a5f'
	 295 :   OK                'way_956965781'                     OID 'b85ff860-fe40-11b2-b871-0012b3857a5f'
	 296 :   OK                'way_956965782'                     OID 'b861190c-fe40-11b2-b871-0012b3857a5f'
	 297 :   OK                'way_956965783'                     OID 'b8628580-fe40-11b2-b871-0012b3857a5f'
	 298 :   OK                'way_956965784'                     OID 'b863dcdc-fe40-11b2-b871-0012b3857a5f'
	 299 :   OK                'way_956965785'                     OID 'b8654e00-fe40-11b2-b871-0012b3857a5f'
	 300 :   OK                'way_956965786'                     OID 'b8663e3c-fe40-11b2-b871-0012b3857a5f'
	 301 :   OK                'way_956965787'                     OID 'b867be38-fe40-11b2-b871-0012b3857a5f'
	 302 :   OK                'way_956965788'                     OID 'b86a47d4-fe40-11b2-b871-0012b3857a5f'
	 303 :   OK                'way_956965789'                     OID 'b86bdc84-fe40-11b2-b871-0012b3857a5f'
	 304 :   OK                'way_956965790'                     OID 'b86cddf0-fe40-11b2-b871-0012b3857a5f'
	 305 :   OK                'way_957692180'                     OID 'b86ecf98-fe40-11b2-b871-0012b3857a5f'
	 306 :   OK                'way_957692181'                     OID 'b8709c24-fe40-11b2-b871-0012b3857a5f'
	 307 :   OK                'way_957692182'                     OID 'b871dcd8-fe40-11b2-b871-0012b3857a5f'
	 308 :   OK                'way_957692183'                     OID 'b8737e6c-fe40-11b2-b871-0012b3857a5f'
	 309 :   OK                'way_957692184'                     OID 'b8752f3c-fe40-11b2-b871-0012b3857a5f'
	 310 :   OK                'way_957692185'                     OID 'b876d774-fe40-11b2-b871-0012b3857a5f'
	 311 :   OK                'way_957692186'                     OID 'b877e114-fe40-11b2-b871-0012b3857a5f'
	 312 :   OK                'way_957692187'                     OID 'b87a04bc-fe40-11b2-b871-0012b3857a5f'
	 313 :   OK                'way_957692188'                     OID 'b87c0e9c-fe40-11b2-b871-0012b3857a5f'
	 314 :   OK                'way_957692189'                     OID 'b87db15c-fe40-11b2-b871-0012b3857a5f'
	 315 :   OK                'way_957692190'                     OID 'b87ebc8c-fe40-11b2-b871-0012b3857a5f'
	 316 :   OK                'way_957692191'                     OID 'b8803710-fe40-11b2-b871-0012b3857a5f'
	 317 :   OK                'way_957692192'                     OID 'b8872674-fe40-11b2-b871-0012b3857a5f'
	 318 :   OK                'way_957692193'                     OID 'b88bc990-fe40-11b2-b871-0012b3857a5f'
	 319 :   OK                'way_957692194'                     OID 'b88d36cc-fe40-11b2-b871-0012b3857a5f'
	 320 :   OK                'way_957692195'                     OID 'b88eaca0-fe40-11b2-b871-0012b3857a5f'
	 321 :   OK                'way_957692196'                     OID 'b8902fbc-fe40-11b2-b871-0012b3857a5f'
	 322 :   OK                'way_957692197'                     OID 'b891b404-fe40-11b2-b871-0012b3857a5f'
	 323 :   OK                'way_957692198'                     OID 'b894ab00-fe40-11b2-b871-0012b3857a5f'
	 324 :   OK                'way_957692199'                     OID 'b8966dc8-fe40-11b2-b871-0012b3857a5f'
	 325 :   OK                'way_957692200'                     OID 'b897e400-fe40-11b2-b871-0012b3857a5f'
	 326 :   OK                'way_957692201'                     OID 'b89aea9c-fe40-11b2-b871-0012b3857a5f'
	 327 :   OK                'way_957692202'                     OID 'b89d0610-fe40-11b2-b871-0012b3857a5f'
	 328 :   OK                'way_957692203'                     OID 'b89fbe28-fe40-11b2-b871-0012b3857a5f'
	 329 :   OK                'way_957692204'                     OID 'b8a95604-fe40-11b2-b871-0012b3857a5f'
	 330 :   OK                'way_957692205'                     OID 'b8af03ec-fe40-11b2-b871-0012b3857a5f'
	 331 :   OK                'way_957692206'                     OID 'b8b0a4b8-fe40-11b2-b871-0012b3857a5f'
	 332 :   OK                'way_957692207'                     OID 'b8b25c90-fe40-11b2-b871-0012b3857a5f'
	 333 :   OK                'way_957692208'                     OID 'b8b408b0-fe40-11b2-b871-0012b3857a5f'
	 334 :   OK                'way_957692209'                     OID 'b8b53384-fe40-11b2-b871-0012b3857a5f'
	 335 :   OK                'way_957692210'                     OID 'b8b6ebc0-fe40-11b2-b871-0012b3857a5f'
	 336 :   OK                'way_957692211'                     OID 'b8b886b0-fe40-11b2-b871-0012b3857a5f'
	 337 :   OK                'way_957692212'                     OID 'b8ba27e0-fe40-11b2-b871-0012b3857a5f'
	 338 :   OK                'way_957693358'                     OID 'b8bb569c-fe40-11b2-b871-0012b3857a5f'
	 339 :   OK                'way_957693359'                     OID 'b8bd891c-fe40-11b2-b871-0012b3857a5f'
	 340 :   OK                'way_957693360'                     OID 'b8bf722c-fe40-11b2-b871-0012b3857a5f'
	 341 :   OK                'way_957693361'                     OID 'b8c12c5c-fe40-11b2-b871-0012b3857a5f'
	 342 :   OK                'way_957693362'                     OID 'b8c253ac-fe40-11b2-b871-0012b3857a5f'
	 343 :   OK                'way_957693363'                     OID 'b8c431cc-fe40-11b2-b871-0012b3857a5f'
	 344 :   OK                'way_957693364'                     OID 'b8cc067c-fe40-11b2-b871-0012b3857a5f'
	 345 :   OK                'way_957693365'                     OID 'b8ceafbc-fe40-11b2-b871-0012b3857a5f'
	 346 :   OK                'way_957693366'                     OID 'b8cfde14-fe40-11b2-b871-0012b3857a5f'
	 347 :   OK                'way_957693367'                     OID 'b8d15708-fe40-11b2-b871-0012b3857a5f'
	 348 :   OK                'way_957693368'                     OID 'b8d2da88-fe40-11b2-b871-0012b3857a5f'
	 349 :   OK                'way_957693369'                     OID 'b8d45c78-fe40-11b2-b871-0012b3857a5f'
	 350 :   OK                'way_957693370'                     OID 'b8d55420-fe40-11b2-b871-0012b3857a5f'
	 351 :   OK                'way_957693371'                     OID 'b8d6bcac-fe40-11b2-b871-0012b3857a5f'
	 352 :   OK                'way_957693372'                     OID 'b8d82fc4-fe40-11b2-b871-0012b3857a5f'
	 353 :   OK                'way_957693373'                     OID 'b8d93ce8-fe40-11b2-b871-0012b3857a5f'
	 354 :   OK                'way_957693374'                     OID 'b8dab578-fe40-11b2-b871-0012b3857a5f'
	 355 :   OK                'way_957693375'                     OID 'b8dcffcc-fe40-11b2-b871-0012b3857a5f'
	 356 :   OK                'way_957693376'                     OID 'b8de76cc-fe40-11b2-b871-0012b3857a5f'
	 357 :   OK                'way_957693377'                     OID 'b8df5704-fe40-11b2-b871-0012b3857a5f'
	 358 :   OK                'way_957693378'                     OID 'b8e0dc14-fe40-11b2-b871-0012b3857a5f'
	 359 :   OK                'way_957693379'                     OID 'b8e32fc8-fe40-11b2-b871-0012b3857a5f'
	 360 :   OK                'way_957693380'                     OID 'b8e8e710-fe40-11b2-b871-0012b3857a5f'
	 361 :   OK                'way_957693381'                     OID 'b8ee15a0-fe40-11b2-b871-0012b3857a5f'
	 362 :   OK                'way_957693382'                     OID 'b8f06b48-fe40-11b2-b871-0012b3857a5f'
	 363 :   OK                'way_957693383'                     OID 'b8f2163c-fe40-11b2-b871-0012b3857a5f'
	 364 :   OK                'way_957693384'                     OID 'b8f3b000-fe40-11b2-b871-0012b3857a5f'
	 365 :   OK                'way_957693385'                     OID 'b8f4b48c-fe40-11b2-b871-0012b3857a5f'
	 366 :   OK                'way_957693386'                     OID 'b8f647ac-fe40-11b2-b871-0012b3857a5f'
	 367 :   OK                'way_957693387'                     OID 'b8fdf7a4-fe40-11b2-b871-0012b3857a5f'
	 368 :   OK                'way_957693388'                     OID 'b905d488-fe40-11b2-b871-0012b3857a5f'
	 369 :   OK                'way_957693389'                     OID 'b9099640-fe40-11b2-b871-0012b3857a5f'
	 370 :   OK                'way_957694433'                     OID 'b90b9b70-fe40-11b2-b871-0012b3857a5f'
	 371 :   OK                'way_957694434'                     OID 'b90d508c-fe40-11b2-b871-0012b3857a5f'
	 372 :   OK                'way_957694435'                     OID 'b90f1480-fe40-11b2-b871-0012b3857a5f'
	 373 :   OK                'way_957694436'                     OID 'b9103c34-fe40-11b2-b871-0012b3857a5f'
	 374 :   OK                'way_957694437'                     OID 'b911eef8-fe40-11b2-b871-0012b3857a5f'
	 375 :   OK                'way_957694438'                     OID 'b913d934-fe40-11b2-b871-0012b3857a5f'
	 376 :   OK                'way_957694439'                     OID 'b915bc04-fe40-11b2-b871-0012b3857a5f'
	 377 :   OK                'way_957694440'                     OID 'b9176950-fe40-11b2-b871-0012b3857a5f'
	 378 :   OK                'way_957694441'                     OID 'b919105c-fe40-11b2-b871-0012b3857a5f'
	 379 :   OK                'way_957694442'                     OID 'b91ba5b0-fe40-11b2-b871-0012b3857a5f'
	 380 :   OK                'way_957694443'                     OID 'b91d322c-fe40-11b2-b871-0012b3857a5f'
	 381 :   OK                'way_957694444'                     OID 'b91f7640-fe40-11b2-b871-0012b3857a5f'
	 382 :   OK                'way_957694445'                     OID 'b92461a0-fe40-11b2-b871-0012b3857a5f'
	 383 :   OK                'way_957694446'                     OID 'b9263fc0-fe40-11b2-b871-0012b3857a5f'
	 384 :   OK                'way_957694447'                     OID 'b9278f4c-fe40-11b2-b871-0012b3857a5f'
	 385 :   OK                'way_957694448'                     OID 'b9291c2c-fe40-11b2-b871-0012b3857a5f'
	 386 :   OK                'way_957694449'                     OID 'b92a8d50-fe40-11b2-b871-0012b3857a5f'
	 387 :   OK                'way_957694450'                     OID 'b92c16ac-fe40-11b2-b871-0012b3857a5f'
	 388 :   OK                'way_957694451'                     OID 'b92d0eb8-fe40-11b2-b871-0012b3857a5f'
	 389 :   OK                'way_957694452'                     OID 'b92e7d20-fe40-11b2-b871-0012b3857a5f'
	 390 :   OK                'way_957694453'                     OID 'b9301bf8-fe40-11b2-b871-0012b3857a5f'
	 391 :   OK                'way_957694454'                     OID 'b9319938-fe40-11b2-b871-0012b3857a5f'
	 392 :   OK                'way_957697631'                     OID 'b9329400-fe40-11b2-b871-0012b3857a5f'
	 393 :   OK                'way_957697632'                     OID 'b9342018-fe40-11b2-b871-0012b3857a5f'
	 394 :   OK                'way_957697633'                     OID 'b9359a9c-fe40-11b2-b871-0012b3857a5f'
	 395 :   OK                'way_957697634'                     OID 'b937c484-fe40-11b2-b871-0012b3857a5f'
	 396 :   OK                'way_957697635'                     OID 'b9391ca8-fe40-11b2-b871-0012b3857a5f'
	 397 :   OK                'way_957697636'                     OID 'b93aa348-fe40-11b2-b871-0012b3857a5f'
	 398 :   OK                'way_957697637'                     OID 'b93c0dc8-fe40-11b2-b871-0012b3857a5f'
	 399 :   OK                'way_957697638'                     OID 'b93cee00-fe40-11b2-b871-0012b3857a5f'
	 400 :   OK                'way_957697639'                     OID 'b93e54fc-fe40-11b2-b871-0012b3857a5f'
	 401 :   OK                'way_957697640'                     OID 'b93fceb8-fe40-11b2-b871-0012b3857a5f'
	 402 :   OK                'way_957697641'                     OID 'b9416048-fe40-11b2-b871-0012b3857a5f'
	 403 :   OK                'way_957697642'                     OID 'b94251b0-fe40-11b2-b871-0012b3857a5f'
	 404 :   OK                'way_957697643'                     OID 'b943c5f4-fe40-11b2-b871-0012b3857a5f'
	 405 :   OK                'way_957697644'                     OID 'b9451db4-fe40-11b2-b871-0012b3857a5f'
	 406 :   OK                'way_957697645'                     OID 'b9468834-fe40-11b2-b871-0012b3857a5f'
	 407 :   OK                'way_957703559'                     OID 'b94767a4-fe40-11b2-b871-0012b3857a5f'
	 408 :   OK                'way_957703560'                     OID 'b948b794-fe40-11b2-b871-0012b3857a5f'
	 409 :   OK                'way_957703561'                     OID 'b94cb510-fe40-11b2-b871-0012b3857a5f'
	 410 :   OK                'way_957703562'                     OID 'b94f07fc-fe40-11b2-b871-0012b3857a5f'
	 411 :   OK                'way_957703563'                     OID 'b9501070-fe40-11b2-b871-0012b3857a5f'
	 412 :   OK                'way_957703564'                     OID 'b9517bb8-fe40-11b2-b871-0012b3857a5f'
	 413 :   OK                'way_957703565'                     OID 'b952eed0-fe40-11b2-b871-0012b3857a5f'
	 414 :   OK                'way_957703566'                     OID 'b954db00-fe40-11b2-b871-0012b3857a5f'
	 415 :   OK                'way_957703567'                     OID 'b955d370-fe40-11b2-b871-0012b3857a5f'
	 416 :   OK                'way_957703568'                     OID 'b95725b8-fe40-11b2-b871-0012b3857a5f'
	 417 :   OK                'way_957703569'                     OID 'b959d790-fe40-11b2-b871-0012b3857a5f'
	 418 :   OK                'way_957703570'                     OID 'b95b1e20-fe40-11b2-b871-0012b3857a5f'
	 419 :   OK                'way_957703571'                     OID 'b95be558-fe40-11b2-b871-0012b3857a5f'
	 420 :   OK                'way_957703572'                     OID 'b95d2738-fe40-11b2-b871-0012b3857a5f'
	 421 :   OK                'way_957703573'                     OID 'b95ef5b8-fe40-11b2-b871-0012b3857a5f'
	 422 :   OK                'way_957703574'                     OID 'b95fcb64-fe40-11b2-b871-0012b3857a5f'
	 423 :   OK                'way_957703575'                     OID 'b9611c80-fe40-11b2-b871-0012b3857a5f'
	 424 :   OK                'way_957703576'                     OID 'b96287c8-fe40-11b2-b871-0012b3857a5f'
	 425 :   OK                'way_957703577'                     OID 'b963eec4-fe40-11b2-b871-0012b3857a5f'
	 426 :   OK                'way_957703578'                     OID 'b964d8c0-fe40-11b2-b871-0012b3857a5f'
	 427 :   OK                'way_957703579'                     OID 'b9664fc0-fe40-11b2-b871-0012b3857a5f'
	 428 :   OK                'way_957703580'                     OID 'b9693b68-fe40-11b2-b871-0012b3857a5f'
	 429 :   OK                'way_957703581'                     OID 'b96b13ac-fe40-11b2-b871-0012b3857a5f'
	 430 :   OK                'way_957703582'                     OID 'b96bf4ac-fe40-11b2-b871-0012b3857a5f'
	 431 :   OK                'way_957703583'                     OID 'b96d3498-fe40-11b2-b871-0012b3857a5f'
	 432 :   OK                'way_957703584'                     OID 'b96e74e8-fe40-11b2-b871-0012b3857a5f'
	 433 :   OK                'way_957703585'                     OID 'b96fb8bc-fe40-11b2-b871-0012b3857a5f'
	 434 :   OK                'way_957703586'                     OID 'b9707ba8-fe40-11b2-b871-0012b3857a5f'
	 435 :   OK                'way_957703587'                     OID 'b971b3c4-fe40-11b2-b871-0012b3857a5f'
	 436 :   OK                'way_957705253'                     OID 'b972f220-fe40-11b2-b871-0012b3857a5f'
	 437 :   OK                'way_957705254'                     OID 'b97ae994-fe40-11b2-b871-0012b3857a5f'
	 438 :   OK                'way_957705255'                     OID 'b97ca8d8-fe40-11b2-b871-0012b3857a5f'
	 439 :   OK                'way_957705256'                     OID 'b97df4e0-fe40-11b2-b871-0012b3857a5f'
	 440 :   OK                'way_957705257'                     OID 'b97f33a0-fe40-11b2-b871-0012b3857a5f'
	 441 :   OK                'way_957705258'                     OID 'b980689c-fe40-11b2-b871-0012b3857a5f'
	 442 :   OK                'way_957705259'                     OID 'b9812c50-fe40-11b2-b871-0012b3857a5f'
	 443 :   OK                'way_957705260'                     OID 'b98265fc-fe40-11b2-b871-0012b3857a5f'
	 444 :   OK                'way_957705261'                     OID 'b983b1a0-fe40-11b2-b871-0012b3857a5f'
	 445 :   OK                'way_957705262'                     OID 'b98481d4-fe40-11b2-b871-0012b3857a5f'
	 446 :   OK                'way_957705263'                     OID 'b985b284-fe40-11b2-b871-0012b3857a5f'
	 447 :   OK                'way_957705264'                     OID 'b9871e94-fe40-11b2-b871-0012b3857a5f'
	 448 :   OK                'way_957705265'                     OID 'b98b66ac-fe40-11b2-b871-0012b3857a5f'
	 449 :   OK                'way_957705266'                     OID 'b98d5728-fe40-11b2-b871-0012b3857a5f'
	 450 :   OK                'way_957705267'                     OID 'b98ed1ac-fe40-11b2-b871-0012b3857a5f'
	 451 :   OK                'way_957705268'                     OID 'b9903330-fe40-11b2-b871-0012b3857a5f'
	 452 :   OK                'way_957705269'                     OID 'b99194b4-fe40-11b2-b871-0012b3857a5f'
	 453 :   OK                'way_957705270'                     OID 'b9926b8c-fe40-11b2-b871-0012b3857a5f'
	 454 :   OK                'way_957705271'                     OID 'b993c9f0-fe40-11b2-b871-0012b3857a5f'
	 455 :   OK                'way_957705272'                     OID 'b99510e4-fe40-11b2-b871-0012b3857a5f'
	 456 :   OK                'way_957705273'                     OID 'b99c33d8-fe40-11b2-b871-0012b3857a5f'
	 457 :   OK                'way_957705274'                     OID 'b99d0600-fe40-11b2-b871-0012b3857a5f'
	 458 :   OK                'way_957705275'                     OID 'b99e4970-fe40-11b2-b871-0012b3857a5f'
	 459 :   OK                'way_957705276'                     OID 'b9a40374-fe40-11b2-b871-0012b3857a5f'
	 460 :   OK                'way_957705277'                     OID 'b9a68478-fe40-11b2-b871-0012b3857a5f'
	 461 :   OK                'way_957705278'                     OID 'b9a7bc94-fe40-11b2-b871-0012b3857a5f'
	 462 :   OK                'way_957708880'                     OID 'b9a90c20-fe40-11b2-b871-0012b3857a5f'
	 463 :   OK                'way_957708881'                     OID 'b9aa7128-fe40-11b2-b871-0012b3857a5f'
	 464 :   OK                'way_957708882'                     OID 'b9abbc04-fe40-11b2-b871-0012b3857a5f'
	 465 :   OK                'way_957708883'                     OID 'b9ac8fbc-fe40-11b2-b871-0012b3857a5f'
	 466 :   OK                'way_957708884'                     OID 'b9add2c8-fe40-11b2-b871-0012b3857a5f'
	 467 :   OK                'way_957708885'                     OID 'b9af08f0-fe40-11b2-b871-0012b3857a5f'
	 468 :   OK                'way_957708886'                     OID 'b9afe0f4-fe40-11b2-b871-0012b3857a5f'
	 469 :   OK                'way_957708887'                     OID 'b9b12400-fe40-11b2-b871-0012b3857a5f'
	 470 :   OK                'way_957708888'                     OID 'b9b2670c-fe40-11b2-b871-0012b3857a5f'
	 471 :   OK                'way_957708889'                     OID 'b9b3b0bc-fe40-11b2-b871-0012b3857a5f'
	 472 :   OK                'way_957708890'                     OID 'b9b923a8-fe40-11b2-b871-0012b3857a5f'
	 473 :   OK                'way_957708891'                     OID 'b9bac410-fe40-11b2-b871-0012b3857a5f'
	 474 :   OK                'way_957708892'                     OID 'b9bc0fb4-fe40-11b2-b871-0012b3857a5f'
	 475 :   OK                'way_957708893'                     OID 'b9bd5130-fe40-11b2-b871-0012b3857a5f'
	 476 :   OK                'way_957708894'                     OID 'b9be2420-fe40-11b2-b871-0012b3857a5f'
	 477 :   OK                'way_957708895'                     OID 'b9bf6f60-fe40-11b2-b871-0012b3857a5f'
	 478 :   OK                'way_957708896'                     OID 'b9c0e46c-fe40-11b2-b871-0012b3857a5f'
	 479 :   OK                'way_957708897'                     OID 'b9c254c8-fe40-11b2-b871-0012b3857a5f'
	 480 :   OK                'way_957708898'                     OID 'b9c35c10-fe40-11b2-b871-0012b3857a5f'
	 481 :   OK                'way_957708899'                     OID 'b9c4dcd4-fe40-11b2-b871-0012b3857a5f'
	 482 :   OK                'way_957708900'                     OID 'b9c9d5e0-fe40-11b2-b871-0012b3857a5f'
	 483 :   OK                'way_957708901'                     OID 'b9cc2228-fe40-11b2-b871-0012b3857a5f'
	 484 :   OK                'way_957708902'                     OID 'b9cd1778-fe40-11b2-b871-0012b3857a5f'
	 485 :   OK                'way_957708903'                     OID 'b9ce74b0-fe40-11b2-b871-0012b3857a5f'
	 486 :   OK                'way_957708904'                     OID 'b9cfd0bc-fe40-11b2-b871-0012b3857a5f'
	 487 :   OK                'way_957708905'                     OID 'b9d1f978-fe40-11b2-b871-0012b3857a5f'
	 488 :   OK                'way_957708906'                     OID 'b9d2e2ac-fe40-11b2-b871-0012b3857a5f'
	 489 :   OK                'way_957708907'                     OID 'b9d3d4dc-fe40-11b2-b871-0012b3857a5f'
	 490 :   OK                'way_957708908'                     OID 'b9d4c25c-fe40-11b2-b871-0012b3857a5f'
	 491 :   OK                'way_957708909'                     OID 'b9d5b360-fe40-11b2-b871-0012b3857a5f'
	 492 :   OK                'way_957708910'                     OID 'b9d6ba44-fe40-11b2-b871-0012b3857a5f'
	 493 :   OK                'way_957708911'                     OID 'b9d7acd8-fe40-11b2-b871-0012b3857a5f'
	 494 :   OK                'way_957708912'                     OID 'b9d884dc-fe40-11b2-b871-0012b3857a5f'
	 495 :   OK                'way_957708913'                     OID 'b9d96e10-fe40-11b2-b871-0012b3857a5f'
	 496 :   OK                'way_957708914'                     OID 'b9da4740-fe40-11b2-b871-0012b3857a5f'
	 497 :   OK                'way_957708915'                     OID 'b9db4654-fe40-11b2-b871-0012b3857a5f'
	 498 :   OK                'way_957708916'                     OID 'b9dc3118-fe40-11b2-b871-0012b3857a5f'
	 499 :   OK                'way_957708917'                     OID 'b9dd13a8-fe40-11b2-b871-0012b3857a5f'
	 500 :   OK                'way_957708918'                     OID 'b9ddec74-fe40-11b2-b871-0012b3857a5f'
	 501 :   OK                'way_957708919'                     OID 'b9dec220-fe40-11b2-b871-0012b3857a5f'
	 502 :   OK                'way_957708920'                     OID 'b9df9aec-fe40-11b2-b871-0012b3857a5f'
	 503 :   OK                'way_957708921'                     OID 'b9e06b84-fe40-11b2-b871-0012b3857a5f'
	 504 :   OK                'way_957711413'                     OID 'b9e14130-fe40-11b2-b871-0012b3857a5f'
	 505 :   OK                'way_957711414'                     OID 'b9e20cb4-fe40-11b2-b871-0012b3857a5f'
	 506 :   OK                'way_957711415'                     OID 'b9e2e328-fe40-11b2-b871-0012b3857a5f'
	 507 :   OK                'way_957711416'                     OID 'b9e3b168-fe40-11b2-b871-0012b3857a5f'
	 508 :   OK                'way_957711417'                     OID 'b9e47bc0-fe40-11b2-b871-0012b3857a5f'
	 509 :   OK                'way_957711418'                     OID 'b9e54bf4-fe40-11b2-b871-0012b3857a5f'
	 510 :   OK                'way_957711419'                     OID 'b9e61778-fe40-11b2-b871-0012b3857a5f'
	 511 :   OK                'way_957711420'                     OID 'b9e6e6e4-fe40-11b2-b871-0012b3857a5f'
	 512 :   OK                'way_957711421'                     OID 'b9e7b010-fe40-11b2-b871-0012b3857a5f'
	 513 :   OK                'way_957711422'                     OID 'b9e886e8-fe40-11b2-b871-0012b3857a5f'
	 514 :   OK                'way_957711423'                     OID 'b9e942cc-fe40-11b2-b871-0012b3857a5f'
	 515 :   OK                'way_957711424'                     OID 'b9ea01d0-fe40-11b2-b871-0012b3857a5f'
	 516 :   OK                'way_957711425'                     OID 'b9eb0dc8-fe40-11b2-b871-0012b3857a5f'
	 517 :   OK                'way_957711426'                     OID 'b9ebe2ac-fe40-11b2-b871-0012b3857a5f'
	 518 :   OK                'way_957711427'                     OID 'b9ec9e90-fe40-11b2-b871-0012b3857a5f'
	 519 :   OK                'way_957711428'                     OID 'b9ed7c0c-fe40-11b2-b871-0012b3857a5f'
	 520 :   OK                'way_957711429'                     OID 'b9ee4920-fe40-11b2-b871-0012b3857a5f'
	 521 :   OK                'way_957711430'                     OID 'b9ef18f0-fe40-11b2-b871-0012b3857a5f'
	 522 :   OK                'way_957711431'                     OID 'b9efd7f4-fe40-11b2-b871-0012b3857a5f'
	 523 :   OK                'way_957711432'                     OID 'b9fc6154-fe40-11b2-b871-0012b3857a5f'
	 524 :   OK                'way_957711433'                     OID 'b9ff4590-fe40-11b2-b871-0012b3857a5f'
	 525 :   OK                'way_957711434'                     OID 'ba006704-fe40-11b2-b871-0012b3857a5f'
	 526 :   OK                'way_957711435'                     OID 'ba015614-fe40-11b2-b871-0012b3857a5f'
	 527 :   OK                'way_957711436'                     OID 'ba023c28-fe40-11b2-b871-0012b3857a5f'
	 528 :   OK                'way_957711437'                     OID 'ba0316e8-fe40-11b2-b871-0012b3857a5f'
	 529 :   OK                'way_957711438'                     OID 'ba03eeec-fe40-11b2-b871-0012b3857a5f'
	 530 :   OK                'way_957711439'                     OID 'ba04bd2c-fe40-11b2-b871-0012b3857a5f'
	 531 :   OK                'way_957711440'                     OID 'ba058dc4-fe40-11b2-b871-0012b3857a5f'
	 532 :   OK                'way_957711441'                     OID 'ba065ec0-fe40-11b2-b871-0012b3857a5f'
	 533 :   OK                'way_957711442'                     OID 'ba07346c-fe40-11b2-b871-0012b3857a5f'
	 534 :   OK                'way_957711443'                     OID 'ba080ff4-fe40-11b2-b871-0012b3857a5f'
	 535 :   OK                'way_957711444'                     OID 'ba08e154-fe40-11b2-b871-0012b3857a5f'
	 536 :   OK                'way_957711445'                     OID 'ba09ac10-fe40-11b2-b871-0012b3857a5f'
	 537 :   OK                'way_957711446'                     OID 'ba0a785c-fe40-11b2-b871-0012b3857a5f'
	 538 :   OK                'way_957711447'                     OID 'ba0b48f4-fe40-11b2-b871-0012b3857a5f'
	 539 :   OK                'way_957711448'                     OID 'ba0c1928-fe40-11b2-b871-0012b3857a5f'
	 540 :   OK                'way_957711449'                     OID 'ba0ce448-fe40-11b2-b871-0012b3857a5f'
	 541 :   OK                'way_957711450'                     OID 'ba0db92c-fe40-11b2-b871-0012b3857a5f'
	 542 :   OK                'way_957711451'                     OID 'ba0ec6b4-fe40-11b2-b871-0012b3857a5f'
	 543 :   OK                'way_957711452'                     OID 'ba1024b4-fe40-11b2-b871-0012b3857a5f'
	 544 :   OK                'way_957711453'                     OID 'ba114d94-fe40-11b2-b871-0012b3857a5f'
	 545 :   OK                'way_957711454'                     OID 'ba123790-fe40-11b2-b871-0012b3857a5f'
	 546 :   OK                'way_957711455'                     OID 'ba1318f4-fe40-11b2-b871-0012b3857a5f'
	 547 :   OK                'way_957711456'                     OID 'ba1402f0-fe40-11b2-b871-0012b3857a5f'
	 548 :   OK                'way_957711457'                     OID 'ba14e38c-fe40-11b2-b871-0012b3857a5f'
	 549 :   OK                'way_957711458'                     OID 'ba15db34-fe40-11b2-b871-0012b3857a5f'
	 550 :   OK                'way_957711459'                     OID 'ba16fc44-fe40-11b2-b871-0012b3857a5f'
	 551 :   OK                'way_957711460'                     OID 'ba183fb4-fe40-11b2-b871-0012b3857a5f'
	 552 :   OK                'way_957711461'                     OID 'ba194828-fe40-11b2-b871-0012b3857a5f'
	 553 :   OK                'way_957711462'                     OID 'ba1a4610-fe40-11b2-b871-0012b3857a5f'
	 554 :   OK                'way_957711463'                     OID 'ba1b571c-fe40-11b2-b871-0012b3857a5f'
	 555 :   OK                'way_957711464'                     OID 'ba1c4ba4-fe40-11b2-b871-0012b3857a5f'
	 556 :   OK                'way_957711465'                     OID 'ba1d4540-fe40-11b2-b871-0012b3857a5f'
	 557 :   OK                'way_957711466'                     OID 'ba1e244c-fe40-11b2-b871-0012b3857a5f'
	 558 :   OK                'way_957711467'                     OID 'ba1f0b8c-fe40-11b2-b871-0012b3857a5f'
	 559 :   OK                'way_957711468'                     OID 'ba1fe32c-fe40-11b2-b871-0012b3857a5f'
	 560 :   OK                'way_957711469'                     OID 'ba23401c-fe40-11b2-b871-0012b3857a5f'
	 561 :   OK                'way_957711470'                     OID 'ba2c088c-fe40-11b2-b871-0012b3857a5f'
	 562 :   OK                'way_957711471'                     OID 'ba2ce9f0-fe40-11b2-b871-0012b3857a5f'
	 563 :   OK                'way_957711472'                     OID 'ba2db7cc-fe40-11b2-b871-0012b3857a5f'
	 564 :   OK                'way_957711473'                     OID 'ba2e7b1c-fe40-11b2-b871-0012b3857a5f'
	 565 :   OK                'way_957711474'                     OID 'ba2f463c-fe40-11b2-b871-0012b3857a5f'
	 566 :   OK                'way_957711475'                     OID 'ba3019f4-fe40-11b2-b871-0012b3857a5f'
	 567 :   OK                'way_957711476'                     OID 'ba31fbfc-fe40-11b2-b871-0012b3857a5f'
	 568 :   OK                'way_957711477'                     OID 'ba33f894-fe40-11b2-b871-0012b3857a5f'
	 569 :   OK                'way_957711478'                     OID 'ba34e290-fe40-11b2-b871-0012b3857a5f'
	 570 :   OK                'way_957711479'                     OID 'ba35aaf4-fe40-11b2-b871-0012b3857a5f'
	 571 :   OK                'way_957711480'                     OID 'ba36786c-fe40-11b2-b871-0012b3857a5f'
	 572 :   OK                'way_957711481'                     OID 'ba3742c4-fe40-11b2-b871-0012b3857a5f'
	 573 :   OK                'way_957711482'                     OID 'ba3824f0-fe40-11b2-b871-0012b3857a5f'
	 574 :   OK                'way_957711483'                     OID 'ba38f9d4-fe40-11b2-b871-0012b3857a5f'
	 575 :   OK                'way_957711484'                     OID 'ba39c300-fe40-11b2-b871-0012b3857a5f'
	 576 :   OK                'way_957711485'                     OID 'ba3a7520-fe40-11b2-b871-0012b3857a5f'
	 577 :   OK                'way_957711486'                     OID 'ba3b3d20-fe40-11b2-b871-0012b3857a5f'
	 578 :   OK                'way_957711487'                     OID 'ba3c5aac-fe40-11b2-b871-0012b3857a5f'
	 579 :   OK                'way_957711488'                     OID 'ba3d324c-fe40-11b2-b871-0012b3857a5f'
	 580 :   OK                'way_957711489'                     OID 'ba3e02e4-fe40-11b2-b871-0012b3857a5f'
	 581 :   OK                'way_957711490'                     OID 'ba3ed82c-fe40-11b2-b871-0012b3857a5f'
	 582 :   OK                'way_957711491'                     OID 'ba3f9d70-fe40-11b2-b871-0012b3857a5f'
	 583 :   OK                'way_957711492'                     OID 'ba40637c-fe40-11b2-b871-0012b3857a5f'
	 584 :   OK                'way_957711493'                     OID 'ba413928-fe40-11b2-b871-0012b3857a5f'
	 585 :   OK                'way_957711494'                     OID 'ba420b50-fe40-11b2-b871-0012b3857a5f'
	 586 :   OK                'way_957711495'                     OID 'ba42bf00-fe40-11b2-b871-0012b3857a5f'
	 587 :   OK                'way_957711496'                     OID 'ba4617a4-fe40-11b2-b871-0012b3857a5f'
	 588 :   OK                'way_957711497'                     OID 'ba475a4c-fe40-11b2-b871-0012b3857a5f'
	 589 :   OK                'way_957711498'                     OID 'ba480ba4-fe40-11b2-b871-0012b3857a5f'
	 590 :   OK                'way_957711499'                     OID 'ba48bef0-fe40-11b2-b871-0012b3857a5f'
	 591 :   OK                'way_957711500'                     OID 'ba497b9c-fe40-11b2-b871-0012b3857a5f'
	 592 :   OK                'way_957711501'                     OID 'ba4a31a4-fe40-11b2-b871-0012b3857a5f'
	 593 :   OK                'way_957711502'                     OID 'ba4bf6c4-fe40-11b2-b871-0012b3857a5f'
	 594 :   OK                'way_957711503'                     OID 'ba4d8020-fe40-11b2-b871-0012b3857a5f'
	 595 :   OK                'way_957711504'                     OID 'ba4e7638-fe40-11b2-b871-0012b3857a5f'
	 596 :   OK                'way_957711505'                     OID 'ba4f7038-fe40-11b2-b871-0012b3857a5f'
	 597 :   OK                'way_957711506'                     OID 'ba5041fc-fe40-11b2-b871-0012b3857a5f'
	 598 :   OK                'way_957711507'                     OID 'ba50ff0c-fe40-11b2-b871-0012b3857a5f'
	 599 :   OK                'way_957711508'                     OID 'ba51a574-fe40-11b2-b871-0012b3857a5f'
	 600 :   OK                'way_957711509'                     OID 'ba5255a0-fe40-11b2-b871-0012b3857a5f'
	 601 :   OK                'way_957711510'                     OID 'ba532f98-fe40-11b2-b871-0012b3857a5f'
	 602 :   OK                'way_957711511'                     OID 'ba540c4c-fe40-11b2-b871-0012b3857a5f'
	 603 :   OK                'way_957711512'                     OID 'ba54eaf4-fe40-11b2-b871-0012b3857a5f'
	 604 :   OK                'way_957711513'                     OID 'ba55b100-fe40-11b2-b871-0012b3857a5f'
	 605 :   OK                'way_957711514'                     OID 'ba5672c0-fe40-11b2-b871-0012b3857a5f'
	 606 :   OK                'way_957711515'                     OID 'ba572b20-fe40-11b2-b871-0012b3857a5f'
	 607 :   OK                'way_957711516'                     OID 'ba580838-fe40-11b2-b871-0012b3857a5f'
	 608 :   OK                'way_957711517'                     OID 'ba58e5b4-fe40-11b2-b871-0012b3857a5f'
	 609 :   OK                'way_957711518'                     OID 'ba59af44-fe40-11b2-b871-0012b3857a5f'
	 610 :   OK                'way_957711519'                     OID 'ba5a8d88-fe40-11b2-b871-0012b3857a5f'
	 611 :   OK                'way_957711520'                     OID 'ba5b69d8-fe40-11b2-b871-0012b3857a5f'
	 612 :   OK                'way_957711521'                     OID 'ba5c3624-fe40-11b2-b871-0012b3857a5f'
	 613 :   OK                'way_957711522'                     OID 'ba5d08b0-fe40-11b2-b871-0012b3857a5f'
	 614 :   OK                'way_957711523'                     OID 'ba5dce58-fe40-11b2-b871-0012b3857a5f'
	 615 :   OK                'way_957711524'                     OID 'ba5e95f4-fe40-11b2-b871-0012b3857a5f'
	 616 :   OK                'way_957711525'                     OID 'ba6073b0-fe40-11b2-b871-0012b3857a5f'
	 617 :   OK                'way_957711526'                     OID 'ba6246e0-fe40-11b2-b871-0012b3857a5f'
	 618 :   OK                'way_957711527'                     OID 'ba636084-fe40-11b2-b871-0012b3857a5f'
	 619 :   OK                'way_957711528'                     OID 'ba6441e8-fe40-11b2-b871-0012b3857a5f'
	 620 :   OK                'way_957711529'                     OID 'ba651ca8-fe40-11b2-b871-0012b3857a5f'
	 621 :   OK                'way_957711530'                     OID 'ba65f0c4-fe40-11b2-b871-0012b3857a5f'
	 622 :   OK                'way_957711531'                     OID 'ba66c670-fe40-11b2-b871-0012b3857a5f'
	 623 :   OK                'way_957711532'                     OID 'ba67a068-fe40-11b2-b871-0012b3857a5f'
	 624 :   OK                'way_957721151'                     OID 'ba687484-fe40-11b2-b871-0012b3857a5f'
	 625 :   OK                'way_957721152'                     OID 'ba694a94-fe40-11b2-b871-0012b3857a5f'
	 626 :   OK                'way_957721153'                     OID 'ba6a1d20-fe40-11b2-b871-0012b3857a5f'
	 627 :   OK                'way_957721154'                     OID 'ba6afe20-fe40-11b2-b871-0012b3857a5f'
	 628 :   OK                'way_957721155'                     OID 'ba6bdad4-fe40-11b2-b871-0012b3857a5f'
	 629 :   OK                'way_957721156'                     OID 'ba6cb0e4-fe40-11b2-b871-0012b3857a5f'
	 630 :   OK                'way_957721157'                     OID 'ba6d7b3c-fe40-11b2-b871-0012b3857a5f'
	 631 :   OK                'way_957721158'                     OID 'ba6e5e94-fe40-11b2-b871-0012b3857a5f'
	 632 :   OK                'way_957721159'                     OID 'ba6f3ae4-fe40-11b2-b871-0012b3857a5f'
	 633 :   OK                'way_957721160'                     OID 'ba7010f4-fe40-11b2-b871-0012b3857a5f'
	 634 :   OK                'way_957721161'                     OID 'ba70e18c-fe40-11b2-b871-0012b3857a5f'
	 635 :   OK                'way_957721162'                     OID 'ba71a34c-fe40-11b2-b871-0012b3857a5f'
	 636 :   OK                'way_957721163'                     OID 'ba7271f0-fe40-11b2-b871-0012b3857a5f'
	 637 :   OK                'way_957721164'                     OID 'ba734990-fe40-11b2-b871-0012b3857a5f'
	 638 :   OK                'way_957721165'                     OID 'ba742af4-fe40-11b2-b871-0012b3857a5f'
	 639 :   OK                'way_957721166'                     OID 'ba74f038-fe40-11b2-b871-0012b3857a5f'
	 640 :   OK                'way_957721167'                     OID 'ba75b6a8-fe40-11b2-b871-0012b3857a5f'
	 641 :   OK                'way_957721168'                     OID 'ba76ac5c-fe40-11b2-b871-0012b3857a5f'
	 642 :   OK                'way_957721169'                     OID 'ba777f4c-fe40-11b2-b871-0012b3857a5f'
	 643 :   OK                'way_957721170'                     OID 'ba783fe0-fe40-11b2-b871-0012b3857a5f'
	 644 :   OK                'way_957721171'                     OID 'ba79158c-fe40-11b2-b871-0012b3857a5f'
	 645 :   OK                'way_957721172'                     OID 'ba79d8dc-fe40-11b2-b871-0012b3857a5f'
	 646 :   OK                'way_957721173'                     OID 'ba7b6bfc-fe40-11b2-b871-0012b3857a5f'
	 647 :   OK                'way_957721174'                     OID 'ba7ce5b8-fe40-11b2-b871-0012b3857a5f'
	 648 :   OK                'way_957721175'                     OID 'ba7ee570-fe40-11b2-b871-0012b3857a5f'
	 649 :   OK                'way_957721176'                     OID 'ba7fbd10-fe40-11b2-b871-0012b3857a5f'
	 650 :   OK                'way_957721177'                     OID 'ba8098fc-fe40-11b2-b871-0012b3857a5f'
	 651 :   OK                'way_957721178'                     OID 'ba8178d0-fe40-11b2-b871-0012b3857a5f'
	 652 :   OK                'way_957721179'                     OID 'ba8253f4-fe40-11b2-b871-0012b3857a5f'
	 653 :   OK                'way_957721180'                     OID 'ba83261c-fe40-11b2-b871-0012b3857a5f'
	 654 :   OK                'way_957721181'                     OID 'ba840140-fe40-11b2-b871-0012b3857a5f'
	 655 :   OK                'way_957721182'                     OID 'ba854578-fe40-11b2-b871-0012b3857a5f'
	 656 :   OK                'way_957721183'                     OID 'ba87ead0-fe40-11b2-b871-0012b3857a5f'
	 657 :   OK                'way_957721184'                     OID 'ba890e38-fe40-11b2-b871-0012b3857a5f'
	 658 :   OK                'way_957721185'                     OID 'ba89fe10-fe40-11b2-b871-0012b3857a5f'
	 659 :   OK                'way_957721186'                     OID 'ba8adcb8-fe40-11b2-b871-0012b3857a5f'
	 660 :   OK                'way_957721187'                     OID 'ba8bb64c-fe40-11b2-b871-0012b3857a5f'
	 661 :   OK                'way_957721188'                     OID 'ba8c8f7c-fe40-11b2-b871-0012b3857a5f'
	 662 :   OK                'way_957721189'                     OID 'ba8d6e24-fe40-11b2-b871-0012b3857a5f'
	 663 :   OK                'way_957721190'                     OID 'ba8e3304-fe40-11b2-b871-0012b3857a5f'
	 664 :   OK                'way_957721191'                     OID 'ba8ef9d8-fe40-11b2-b871-0012b3857a5f'
	 665 :   OK                'way_957721192'                     OID 'ba8fc494-fe40-11b2-b871-0012b3857a5f'
	 666 :   OK                'way_957721193'                     OID 'ba954f54-fe40-11b2-b871-0012b3857a5f'
	 667 :   OK                'way_957721194'                     OID 'ba965b4c-fe40-11b2-b871-0012b3857a5f'
	 668 :   OK                'way_957721195'                     OID 'ba97360c-fe40-11b2-b871-0012b3857a5f'
	 669 :   OK                'way_957721196'                     OID 'ba980708-fe40-11b2-b871-0012b3857a5f'
	 670 :   OK                'way_957721197'                     OID 'ba98cd14-fe40-11b2-b871-0012b3857a5f'
	 671 :   OK                'way_957721198'                     OID 'ba999578-fe40-11b2-b871-0012b3857a5f'
	 672 :   OK                'way_957721199'                     OID 'ba9a6354-fe40-11b2-b871-0012b3857a5f'
	 673 :   OK                'way_957721200'                     OID 'ba9b3838-fe40-11b2-b871-0012b3857a5f'
	 674 :   OK                'way_957721201'                     OID 'ba9c0808-fe40-11b2-b871-0012b3857a5f'
	 675 :   OK                'way_957721202'                     OID 'ba9cd3f0-fe40-11b2-b871-0012b3857a5f'
	 676 :   OK                'way_957721203'                     OID 'ba9d9c54-fe40-11b2-b871-0012b3857a5f'
	 677 :   OK                'way_957721204'                     OID 'ba9e6ee0-fe40-11b2-b871-0012b3857a5f'
	 678 :   OK                'way_957721205'                     OID 'bae8d048-fe40-11b2-b871-0012b3857a5f'
	 679 :   OK                'way_957721206'                     OID 'baec5aec-fe40-11b2-b871-0012b3857a5f'
	 680 :   OK                'way_957721207'                     OID 'baedf0c8-fe40-11b2-b871-0012b3857a5f'
	 681 :   OK                'way_957721208'                     OID 'baeefcc0-fe40-11b2-b871-0012b3857a5f'
	 682 :   OK                'way_957721209'                     OID 'baefe9dc-fe40-11b2-b871-0012b3857a5f'
	 683 :   OK                'way_957721210'                     OID 'baf0dc70-fe40-11b2-b871-0012b3857a5f'
	 684 :   OK                'way_957721211'                     OID 'baf1e930-fe40-11b2-b871-0012b3857a5f'
	 685 :   OK                'way_957721212'                     OID 'baf2d200-fe40-11b2-b871-0012b3857a5f'
	 686 :   OK                'way_957721213'                     OID 'baf3b29c-fe40-11b2-b871-0012b3857a5f'
	 687 :   OK                'way_957721214'                     OID 'baf47c90-fe40-11b2-b871-0012b3857a5f'
	 688 :   OK                'way_957721215'                     OID 'baf5429c-fe40-11b2-b871-0012b3857a5f'
	 689 :   OK                'way_957721216'                     OID 'baf60204-fe40-11b2-b871-0012b3857a5f'
	 690 :   OK                'way_957721217'                     OID 'baf6c5b8-fe40-11b2-b871-0012b3857a5f'
	 691 :   OK                'way_957721218'                     OID 'baf7b400-fe40-11b2-b871-0012b3857a5f'
	 692 :   OK                'way_957721219'                     OID 'baf88b3c-fe40-11b2-b871-0012b3857a5f'
	 693 :   OK                'way_957721220'                     OID 'baf968b8-fe40-11b2-b871-0012b3857a5f'
	 694 :   OK                'way_957721221'                     OID 'bafa4a1c-fe40-11b2-b871-0012b3857a5f'
	 695 :   OK                'way_957721222'                     OID 'bafb25a4-fe40-11b2-b871-0012b3857a5f'
	 696 :   OK                'way_957721223'                     OID 'bafc0898-fe40-11b2-b871-0012b3857a5f'
	 697 :   OK                'way_957721224'                     OID 'bafcec54-fe40-11b2-b871-0012b3857a5f'
	 698 :   OK                'way_957721225'                     OID 'bafdde84-fe40-11b2-b871-0012b3857a5f'
	 699 :   OK                'way_957721226'                     OID 'bafed30c-fe40-11b2-b871-0012b3857a5f'
	 700 :   OK                'way_957721227'                     OID 'baffbd08-fe40-11b2-b871-0012b3857a5f'
	 701 :   OK                'way_957721228'                     OID 'bb00d580-fe40-11b2-b871-0012b3857a5f'
	 702 :   OK                'way_957721229'                     OID 'bb01d55c-fe40-11b2-b871-0012b3857a5f'
	 703 :   OK                'way_957721230'                     OID 'bb02e988-fe40-11b2-b871-0012b3857a5f'
	 704 :   OK                'way_957721231'                     OID 'bb040a98-fe40-11b2-b871-0012b3857a5f'
	 705 :   OK                'way_957721232'                     OID 'bb05a0d8-fe40-11b2-b871-0012b3857a5f'
	 706 :   OK                'way_957721233'                     OID 'bb072cf0-fe40-11b2-b871-0012b3857a5f'
	 707 :   OK                'way_957721234'                     OID 'bb0838e8-fe40-11b2-b871-0012b3857a5f'
	 708 :   OK                'way_957721235'                     OID 'bb0a6014-fe40-11b2-b871-0012b3857a5f'
	 709 :   OK                'way_957721236'                     OID 'bb0bb964-fe40-11b2-b871-0012b3857a5f'
	 710 :   OK                'way_957721237'                     OID 'bb0d182c-fe40-11b2-b871-0012b3857a5f'
	 711 :   OK                'way_957721238'                     OID 'bb0e33c4-fe40-11b2-b871-0012b3857a5f'
	 712 :   OK                'way_957721239'                     OID 'bb0f4278-fe40-11b2-b871-0012b3857a5f'
	 713 :   OK                'way_957721240'                     OID 'bb107a94-fe40-11b2-b871-0012b3857a5f'
	 714 :   OK                'way_957721241'                     OID 'bb116d8c-fe40-11b2-b871-0012b3857a5f'
	 715 :   OK                'way_957721242'                     OID 'bb1256c0-fe40-11b2-b871-0012b3857a5f'
	 716 :   OK                'way_957721243'                     OID 'bb133ba8-fe40-11b2-b871-0012b3857a5f'
	 717 :   OK                'way_957721244'                     OID 'bb142734-fe40-11b2-b871-0012b3857a5f'
	 718 :   OK                'way_957721245'                     OID 'bb152c24-fe40-11b2-b871-0012b3857a5f'
	 719 :   OK                'way_957721246'                     OID 'bb160a04-fe40-11b2-b871-0012b3857a5f'
	 720 :   OK                'way_957721247'                     OID 'bb16f338-fe40-11b2-b871-0012b3857a5f'
	 721 :   OK                'way_957721248'                     OID 'bb17ce5c-fe40-11b2-b871-0012b3857a5f'
	 722 :   OK                'way_957721249'                     OID 'bb18bc40-fe40-11b2-b871-0012b3857a5f'
	 723 :   OK                'way_957721250'                     OID 'bb19a768-fe40-11b2-b871-0012b3857a5f'
	 724 :   OK                'way_957721251'                     OID 'bb1a873c-fe40-11b2-b871-0012b3857a5f'
	 725 :   OK                'way_957721252'                     OID 'bb1b525c-fe40-11b2-b871-0012b3857a5f'
	 726 :   OK                'way_957721253'                     OID 'bb1c1bec-fe40-11b2-b871-0012b3857a5f'
	 727 :   OK                'way_957721254'                     OID 'bb1ce25c-fe40-11b2-b871-0012b3857a5f'
	 728 :   OK                'way_957721255'                     OID 'bb1dac50-fe40-11b2-b871-0012b3857a5f'
	 729 :   OK                'way_957721256'                     OID 'bb1e77d4-fe40-11b2-b871-0012b3857a5f'
	 730 :   OK                'way_957721257'                     OID 'bb1f4484-fe40-11b2-b871-0012b3857a5f'
	 731 :   OK                'way_957721258'                     OID 'bb200c20-fe40-11b2-b871-0012b3857a5f'
	 732 :   OK                'way_957721259'                     OID 'bb20d54c-fe40-11b2-b871-0012b3857a5f'
	 733 :   OK                'way_957721260'                     OID 'bb21b32c-fe40-11b2-b871-0012b3857a5f'
	 734 :   OK                'way_957721261'                     OID 'bb228cc0-fe40-11b2-b871-0012b3857a5f'
	 735 :   OK                'way_957721262'                     OID 'bb268f50-fe40-11b2-b871-0012b3857a5f'
	 736 :   OK                'way_957721263'                     OID 'bb2832d8-fe40-11b2-b871-0012b3857a5f'
	 737 :   OK                'way_957721264'                     OID 'bb2905c8-fe40-11b2-b871-0012b3857a5f'
	 738 :   OK                'way_957721265'                     OID 'bb29e150-fe40-11b2-b871-0012b3857a5f'
	 739 :   OK                'way_957721266'                     OID 'bb2aaff4-fe40-11b2-b871-0012b3857a5f'
	 740 :   OK                'way_957721267'                     OID 'bb2b7858-fe40-11b2-b871-0012b3857a5f'
	 741 :   OK                'way_957721268'                     OID 'bb2c4120-fe40-11b2-b871-0012b3857a5f'
	 742 :   OK                'way_957721269'                     OID 'bb2d0664-fe40-11b2-b871-0012b3857a5f'
	 743 :   OK                'way_957721270'                     OID 'bb2dcf90-fe40-11b2-b871-0012b3857a5f'
	 744 :   OK                'way_957721271'                     OID 'bb2ed5ac-fe40-11b2-b871-0012b3857a5f'
	 745 :   OK                'way_957721272'                     OID 'bb2fbf44-fe40-11b2-b871-0012b3857a5f'
	 746 :   OK                'way_957721273'                     OID 'bb309108-fe40-11b2-b871-0012b3857a5f'
	 747 :   OK                'way_957721274'                     OID 'bb3153f4-fe40-11b2-b871-0012b3857a5f'
	 748 :   OK                'way_957721275'                     OID 'bb3223c4-fe40-11b2-b871-0012b3857a5f'
	 749 :   OK                'way_957721276'                     OID 'bb32f074-fe40-11b2-b871-0012b3857a5f'
	 750 :   OK                'way_957721277'                     OID 'bb33c29c-fe40-11b2-b871-0012b3857a5f'
	 751 :   OK                'way_957721278'                     OID 'bb3492d0-fe40-11b2-b871-0012b3857a5f'
	 752 :   OK                'way_957721279'                     OID 'bb35655c-fe40-11b2-b871-0012b3857a5f'
	 753 :   OK                'way_957721280'                     OID 'bb363784-fe40-11b2-b871-0012b3857a5f'
	 754 :   OK                'way_957721281'                     OID 'bb3708e4-fe40-11b2-b871-0012b3857a5f'
	 755 :   OK                'way_957721282'                     OID 'bb37d530-fe40-11b2-b871-0012b3857a5f'
	 756 :   OK                'way_957721283'                     OID 'bb38a0b4-fe40-11b2-b871-0012b3857a5f'
	 757 :   OK                'way_957721284'                     OID 'bb397598-fe40-11b2-b871-0012b3857a5f'
	 758 :   OK                'way_957721285'                     OID 'bb3a4b44-fe40-11b2-b871-0012b3857a5f'
	 759 :   OK                'way_957721286'                     OID 'bb3b1e98-fe40-11b2-b871-0012b3857a5f'
	 760 :   OK                'way_957721287'                     OID 'bb3bfbb0-fe40-11b2-b871-0012b3857a5f'
	 761 :   OK                'way_957721288'                     OID 'bb3cd60c-fe40-11b2-b871-0012b3857a5f'
	 762 :   OK                'way_957721289'                     OID 'bb3db6a8-fe40-11b2-b871-0012b3857a5f'
	 763 :   OK                'way_957721290'                     OID 'bb3eac5c-fe40-11b2-b871-0012b3857a5f'
	 764 :   OK                'way_957721291'                     OID 'bb3f8208-fe40-11b2-b871-0012b3857a5f'
	 765 :   OK                'way_957721292'                     OID 'bb40442c-fe40-11b2-b871-0012b3857a5f'
	 766 :   OK                'way_957721293'                     OID 'bb4104c0-fe40-11b2-b871-0012b3857a5f'
	 767 :   OK                'way_957721294'                     OID 'bb41dbfc-fe40-11b2-b871-0012b3857a5f'
	 768 :   OK                'way_957721295'                     OID 'bb441200-fe40-11b2-b871-0012b3857a5f'
	 769 :   OK                'way_957721296'                     OID 'bb4631c0-fe40-11b2-b871-0012b3857a5f'
	 770 :   OK                'way_957721297'                     OID 'bb471a2c-fe40-11b2-b871-0012b3857a5f'
	 771 :   OK                'way_957721298'                     OID 'bb481814-fe40-11b2-b871-0012b3857a5f'
	 772 :   OK                'way_957721299'                     OID 'bb48fef0-fe40-11b2-b871-0012b3857a5f'
	 773 :   OK                'way_957721300'                     OID 'bb49ca10-fe40-11b2-b871-0012b3857a5f'
	 774 :   OK                'way_957721301'                     OID 'bb4a93a0-fe40-11b2-b871-0012b3857a5f'
	 775 :   OK                'way_957721302'                     OID 'bb4c31b0-fe40-11b2-b871-0012b3857a5f'
	 776 :   OK                'way_957721303'                     OID 'bb4ebe08-fe40-11b2-b871-0012b3857a5f'
	 777 :   OK                'way_957721304'                     OID 'bb501a14-fe40-11b2-b871-0012b3857a5f'
	 778 :   OK                'way_957721305'                     OID 'bb5291b8-fe40-11b2-b871-0012b3857a5f'
	 779 :   OK                'way_957721306'                     OID 'bb5432e8-fe40-11b2-b871-0012b3857a5f'
	 780 :   OK                'way_957721307'                     OID 'bb556f50-fe40-11b2-b871-0012b3857a5f'
	 781 :   OK                'way_957721308'                     OID 'bb56ae10-fe40-11b2-b871-0012b3857a5f'
	 782 :   OK                'way_957721309'                     OID 'bb58aaa8-fe40-11b2-b871-0012b3857a5f'
	 783 :   OK                'way_957721310'                     OID 'bb5ad620-fe40-11b2-b871-0012b3857a5f'
	 784 :   OK                'way_957721311'                     OID 'bb5c1738-fe40-11b2-b871-0012b3857a5f'
	 785 :   OK                'way_957721312'                     OID 'bb5d6278-fe40-11b2-b871-0012b3857a5f'
	 786 :   OK                'way_957721313'                     OID 'bb5e744c-fe40-11b2-b871-0012b3857a5f'
	 787 :   OK                'way_957721314'                     OID 'bb5f87b0-fe40-11b2-b871-0012b3857a5f'
	 788 :   OK                'way_957721315'                     OID 'bb60c350-fe40-11b2-b871-0012b3857a5f'
	 789 :   OK                'way_957721316'                     OID 'bb61eb04-fe40-11b2-b871-0012b3857a5f'
	 790 :   OK                'way_957721317'                     OID 'bb632384-fe40-11b2-b871-0012b3857a5f'
	 791 :   OK                'way_957721318'                     OID 'bb642eb4-fe40-11b2-b871-0012b3857a5f'
	 792 :   OK                'way_957722227'                     OID 'bb652724-fe40-11b2-b871-0012b3857a5f'
	 793 :   OK                'way_957722228'                     OID 'bb662bb0-fe40-11b2-b871-0012b3857a5f'
	 794 :   OK                'way_957722229'                     OID 'bb6729fc-fe40-11b2-b871-0012b3857a5f'
	 795 :   OK                'way_957722230'                     OID 'bb6834c8-fe40-11b2-b871-0012b3857a5f'
	 796 :   OK                'way_957722231'                     OID 'bb6918e8-fe40-11b2-b871-0012b3857a5f'
	 797 :   OK                'way_957722232'                     OID 'bb6a102c-fe40-11b2-b871-0012b3857a5f'
	 798 :   OK                'way_957722233'                     OID 'bb6aece0-fe40-11b2-b871-0012b3857a5f'
	 799 :   OK                'way_957722234'                     OID 'bb6bf48c-fe40-11b2-b871-0012b3857a5f'
	 800 :   OK                'way_957722235'                     OID 'bb6cd7e4-fe40-11b2-b871-0012b3857a5f'
	 801 :   OK                'way_957722236'                     OID 'bb6dba10-fe40-11b2-b871-0012b3857a5f'
	 802 :   OK                'way_957722237'                     OID 'bb6e8e2c-fe40-11b2-b871-0012b3857a5f'
	 803 :   OK                'way_957722238'                     OID 'bb6f7634-fe40-11b2-b871-0012b3857a5f'
	 804 :   OK                'way_957722239'                     OID 'bb704b18-fe40-11b2-b871-0012b3857a5f'
	 805 :   OK                'way_957722240'                     OID 'bb7121f0-fe40-11b2-b871-0012b3857a5f'
	 806 :   OK                'way_957722241'                     OID 'bb71ef68-fe40-11b2-b871-0012b3857a5f'
	 807 :   OK                'way_957722242'                     OID 'bb72d57c-fe40-11b2-b871-0012b3857a5f'
	 808 :   OK                'way_957722243'                     OID 'bb73b0a0-fe40-11b2-b871-0012b3857a5f'
	 809 :   OK                'way_957722244'                     OID 'bb783ea4-fe40-11b2-b871-0012b3857a5f'
	 810 :   OK                'way_957722245'                     OID 'bb7dcf40-fe40-11b2-b871-0012b3857a5f'
	 811 :   OK                'way_957722246'                     OID 'bb7f7458-fe40-11b2-b871-0012b3857a5f'
	 812 :   OK                'way_957722247'                     OID 'bb816088-fe40-11b2-b871-0012b3857a5f'
	 813 :   OK                'way_957722248'                     OID 'bb837300-fe40-11b2-b871-0012b3857a5f'
	 814 :   OK                'way_957722249'                     OID 'bb850eb8-fe40-11b2-b871-0012b3857a5f'
	 815 :   OK                'way_957722250'                     OID 'bb8635a4-fe40-11b2-b871-0012b3857a5f'
	 816 :   OK                'way_957722251'                     OID 'bb878ef4-fe40-11b2-b871-0012b3857a5f'
	 817 :   OK                'way_957722252'                     OID 'bb893efc-fe40-11b2-b871-0012b3857a5f'
	 818 :   OK                'way_957722253'                     OID 'bb8afd14-fe40-11b2-b871-0012b3857a5f'
	 819 :   OK                'way_957722254'                     OID 'bb8c91c4-fe40-11b2-b871-0012b3857a5f'
	 820 :   OK                'way_957722255'                     OID 'bb8e0540-fe40-11b2-b871-0012b3857a5f'
	 821 :   OK                'way_957722256'                     OID 'bb8f0904-fe40-11b2-b871-0012b3857a5f'
	 822 :   OK                'way_957722257'                     OID 'bb93f914-fe40-11b2-b871-0012b3857a5f'
	 823 :   OK                'way_957722258'                     OID 'bb957b68-fe40-11b2-b871-0012b3857a5f'
	 824 :   OK                'way_957722259'                     OID 'bb968ff8-fe40-11b2-b871-0012b3857a5f'
	 825 :   OK                'way_957722260'                     OID 'bb97b0a4-fe40-11b2-b871-0012b3857a5f'
	 826 :   OK                'way_957722261'                     OID 'bb98f5a4-fe40-11b2-b871-0012b3857a5f'
	 827 :   OK                'way_957722262'                     OID 'bb9a4f58-fe40-11b2-b871-0012b3857a5f'
	 828 :   OK                'way_957722263'                     OID 'bb9bcb6c-fe40-11b2-b871-0012b3857a5f'
	 829 :   OK                'way_957722264'                     OID 'bb9d3c90-fe40-11b2-b871-0012b3857a5f'
	 830 :   OK                'way_957722265'                     OID 'bb9eb9d0-fe40-11b2-b871-0012b3857a5f'
	 831 :   OK                'way_957722266'                     OID 'bba3489c-fe40-11b2-b871-0012b3857a5f'
	 832 :   OK                'way_957722267'                     OID 'bbaf6500-fe40-11b2-b871-0012b3857a5f'
	 833 :   OK                'way_957722268'                     OID 'bbb7b96c-fe40-11b2-b871-0012b3857a5f'
	 834 :   OK                'way_957722269'                     OID 'bbb9d6d4-fe40-11b2-b871-0012b3857a5f'
	 835 :   OK                'way_957722270'                     OID 'bbbad458-fe40-11b2-b871-0012b3857a5f'
	 836 :   OK                'way_957722271'                     OID 'bbbbc0ac-fe40-11b2-b871-0012b3857a5f'
	 837 :   OK                'way_957722272'                     OID 'bbbc9978-fe40-11b2-b871-0012b3857a5f'
	 838 :   OK                'way_957722273'                     OID 'bbbdaffc-fe40-11b2-b871-0012b3857a5f'
	 839 :   OK                'way_957722274'                     OID 'bbbef948-fe40-11b2-b871-0012b3857a5f'
	 840 :   OK                'way_957722275'                     OID 'bbc12dbc-fe40-11b2-b871-0012b3857a5f'
	 841 :   OK                'way_957722276'                     OID 'bbc2f9e4-fe40-11b2-b871-0012b3857a5f'
	 842 :   OK                'way_957722277'                     OID 'bbc865c8-fe40-11b2-b871-0012b3857a5f'
	 843 :   OK                'way_957722278'                     OID 'bbcce8dc-fe40-11b2-b871-0012b3857a5f'
	 844 :   OK                'way_957722279'                     OID 'bbcdfefc-fe40-11b2-b871-0012b3857a5f'
	 845 :   OK                'way_957722280'                     OID 'bbcee7cc-fe40-11b2-b871-0012b3857a5f'
	 846 :   OK                'way_957722281'                     OID 'bbcfafcc-fe40-11b2-b871-0012b3857a5f'
	 847 :   OK                'way_957722282'                     OID 'bbd14a58-fe40-11b2-b871-0012b3857a5f'
	 848 :   OK                'way_957722283'                     OID 'bbd26e24-fe40-11b2-b871-0012b3857a5f'
	 849 :   OK                'way_957722284'                     OID 'bbd3882c-fe40-11b2-b871-0012b3857a5f'
	 850 :   OK                'way_957722285'                     OID 'bbd48bf0-fe40-11b2-b871-0012b3857a5f'
	 851 :   OK                'way_957722286'                     OID 'bbd599dc-fe40-11b2-b871-0012b3857a5f'
	 852 :   OK                'way_957722287'                     OID 'bbd6b6a0-fe40-11b2-b871-0012b3857a5f'
	 853 :   OK                'way_957722288'                     OID 'bbd7c0a4-fe40-11b2-b871-0012b3857a5f'
	 854 :   OK                'way_957722289'                     OID 'bbd8c788-fe40-11b2-b871-0012b3857a5f'
	 855 :   OK                'way_957722290'                     OID 'bbd9ced0-fe40-11b2-b871-0012b3857a5f'
	 856 :   OK                'way_957722291'                     OID 'bbdad744-fe40-11b2-b871-0012b3857a5f'
	 857 :   OK                'way_957722292'                     OID 'bbdbd6bc-fe40-11b2-b871-0012b3857a5f'
	 858 :   OK                'way_957722293'                     OID 'bbdce37c-fe40-11b2-b871-0012b3857a5f'
	 859 :   OK                'way_957722294'                     OID 'bbdde038-fe40-11b2-b871-0012b3857a5f'
	 860 :   OK                'way_957722295'                     OID 'bbdeddbc-fe40-11b2-b871-0012b3857a5f'
	 861 :   OK                'way_957722296'                     OID 'bbdfddfc-fe40-11b2-b871-0012b3857a5f'
	 862 :   OK                'way_957722297'                     OID 'bbe0efd0-fe40-11b2-b871-0012b3857a5f'
	 863 :   OK                'way_957722298'                     OID 'bbe204c4-fe40-11b2-b871-0012b3857a5f'
	 864 :   OK                'way_957722299'                     OID 'bbe89e38-fe40-11b2-b871-0012b3857a5f'
	 865 :   OK                'way_957722300'                     OID 'bbeb432c-fe40-11b2-b871-0012b3857a5f'
	 866 :   OK                'way_957722301'                     OID 'bbec3750-fe40-11b2-b871-0012b3857a5f'
	 867 :   OK                'way_957722302'                     OID 'bbed615c-fe40-11b2-b871-0012b3857a5f'
	 868 :   OK                'way_957722303'                     OID 'bbef93dc-fe40-11b2-b871-0012b3857a5f'
	 869 :   OK                'way_957722304'                     OID 'bbf1f028-fe40-11b2-b871-0012b3857a5f'
	 870 :   OK                'way_957722305'                     OID 'bbf2f57c-fe40-11b2-b871-0012b3857a5f'
	 871 :   OK                'way_957722306'                     OID 'bbf3d7a8-fe40-11b2-b871-0012b3857a5f'
	 872 :   OK                'way_957722307'                     OID 'bbf4c848-fe40-11b2-b871-0012b3857a5f'
	 873 :   OK                'way_957722308'                     OID 'bbf844dc-fe40-11b2-b871-0012b3857a5f'
	 874 :   OK                'way_957722309'                     OID 'bbfa4818-fe40-11b2-b871-0012b3857a5f'
	 875 :   OK                'way_957722310'                     OID 'bbfbcdf0-fe40-11b2-b871-0012b3857a5f'
	 876 :   OK                'way_957722311'                     OID 'bbfe0138-fe40-11b2-b871-0012b3857a5f'
	 877 :   OK                'way_957722312'                     OID 'bbff38f0-fe40-11b2-b871-0012b3857a5f'
	 878 :   OK                'way_957722313'                     OID 'bc002b84-fe40-11b2-b871-0012b3857a5f'
	 879 :   OK                'way_957722314'                     OID 'bc011774-fe40-11b2-b871-0012b3857a5f'
	 880 :   OK                'way_957722315'                     OID 'bc020300-fe40-11b2-b871-0012b3857a5f'
	 881 :   OK                'way_957722316'                     OID 'bc031984-fe40-11b2-b871-0012b3857a5f'
	 882 :   OK                'way_957722317'                     OID 'bc04144c-fe40-11b2-b871-0012b3857a5f'
	 883 :   OK                'way_957722318'                     OID 'bc051428-fe40-11b2-b871-0012b3857a5f'
	 884 :   OK                'way_957722319'                     OID 'bc064988-fe40-11b2-b871-0012b3857a5f'
	 885 :   OK                'way_957722320'                     OID 'bc073320-fe40-11b2-b871-0012b3857a5f'
	 886 :   OK                'way_957722321'                     OID 'bc082550-fe40-11b2-b871-0012b3857a5f'
	 887 :   OK                'way_957722322'                     OID 'bc09b424-fe40-11b2-b871-0012b3857a5f'
	 888 :   OK                'way_1004417185'                    OID 'bc10d2cc-fe40-11b2-b871-0012b3857a5f'
	 889 :   OK                'way_1004417188'                    OID 'bc11b750-fe40-11b2-b871-0012b3857a5f'
	 890 :   OK                'way_1210851554'                    OID 'bc98e07c-fe40-11b2-b871-0012b3857a5f'
	 891 :   OK                'way_1283514099'                    OID 'bc9f5e98-fe40-11b2-b871-0012b3857a5f'
	 892 :   OK                'way_1283519612'                    OID 'bca06838-fe40-11b2-b871-0012b3857a5f'
	 893 :   OK                'way_1352605086'                    OID 'bcabb65c-fe40-11b2-b871-0012b3857a5f'
	 894 :   OK                'Lane'                              OID 'a45566d4-ffad-11b2-b871-0012b3857a5f:0'
	 895 :   OK                'Lane'                              OID 'a45566d4-ffad-11b2-b871-0012b3857a5f:1'
	 896 :   OK                'Lane'                              OID 'a45566d4-ffad-11b2-b871-0012b3857a5f:2'
	 897 :   OK                'Lane'                              OID 'a45566d4-ffad-11b2-b871-0012b3857a5f:3'
	 898 :   OK                'Lane'                              OID '642901b8-ffaf-11b2-b871-0012b3857a5f:0'
	 899 :   OK                'Lane'                              OID '642901b8-ffaf-11b2-b871-0012b3857a5f:1'
	 900 :   OK                'Lane'                              OID '642901b8-ffaf-11b2-b871-0012b3857a5f:2'
	 901 :   OK                'Lane'                              OID '642901b8-ffaf-11b2-b871-0012b3857a5f:3'
	 902 :   OK                'Shape'                             OID '582938cc-ffb1-11b2-b871-0012b3857a5f:0'
	 903 :   OK                'Lane'                              OID '582a520c-ffb1-11b2-b871-0012b3857a5f:0'
	 904 :   OK                'Lane'                              OID '582a520c-ffb1-11b2-b871-0012b3857a5f:1'
	 905 :   OK                'Lane'                              OID '582a520c-ffb1-11b2-b871-0012b3857a5f:2'
	 906 :   OK                'Lane'                              OID '582a520c-ffb1-11b2-b871-0012b3857a5f:3'
	 907 :   OK                'Lane'                              OID 'c7eb21ec-ffb2-11b2-b871-0012b3857a5f:0'
	 908 :   OK                'Lane'                              OID 'c7eb21ec-ffb2-11b2-b871-0012b3857a5f:1'
	 909 :   OK                'Lane'                              OID 'c7eb21ec-ffb2-11b2-b871-0012b3857a5f:2'
	 910 :   OK                'Lane'                              OID 'c7eb21ec-ffb2-11b2-b871-0012b3857a5f:3'
	 911 :   OK                'Shape'                             OID '6c196338-00c5-11b3-b871-0012b3857a5f'
	 912 :   OK                'way_957721284'                     OID '1d6d2a00-00fa-11b3-b871-0012b3857a5f'
	 913 :   OK                'way_957721285'                     OID '1d6d2e4c-00fa-11b3-b871-0012b3857a5f'
	 914 :   OK                'way_957721286'                     OID '1d6d31d0-00fa-11b3-b871-0012b3857a5f'
	 915 :   OK                'way_957721287'                     OID '1d6d3554-00fa-11b3-b871-0012b3857a5f'
	 916 :   OK                'way_957721288'                     OID '1d6d393c-00fa-11b3-b871-0012b3857a5f'
	 917 :   OK                'way_957721289'                     OID '1d6d3c5c-00fa-11b3-b871-0012b3857a5f'
	 918 :   OK                'way_957721290'                     OID '1d6d40a8-00fa-11b3-b871-0012b3857a5f'
	 919 :   OK                'way_957721310'                     OID '1d6d4490-00fa-11b3-b871-0012b3857a5f'
	 920 :   OK                'way_957721311'                     OID '1d6d4940-00fa-11b3-b871-0012b3857a5f'
	 921 :   OK                'way_957721312'                     OID '1d6d4eb8-00fa-11b3-b871-0012b3857a5f'
	 922 :   OK                'way_957721313'                     OID '1d6d523c-00fa-11b3-b871-0012b3857a5f'
	 923 :   OK                'way_957721314'                     OID '1d6d5624-00fa-11b3-b871-0012b3857a5f'
	 924 :   OK                'way_957721315'                     OID '1d6d5a70-00fa-11b3-b871-0012b3857a5f'
	 925 :   OK                'way_957721316'                     OID '1d6d5df4-00fa-11b3-b871-0012b3857a5f'
	 926 :   OK                'way_957721317'                     OID '1d6d62a4-00fa-11b3-b871-0012b3857a5f'
	 927 :   OK                'way_957708883'                     OID '4792d298-0123-11b3-b871-0012b3857a5f'
	 928 :   OK                'way_957708884'                     OID '4792e10c-0123-11b3-b871-0012b3857a5f'
	 929 :   OK                'way_957708885'                     OID '4792e6e8-0123-11b3-b871-0012b3857a5f'
	 930 :   OK                'way_957708886'                     OID '4792ead0-0123-11b3-b871-0012b3857a5f'
	 931 :   OK                'way_957708887'                     OID '4792ee54-0123-11b3-b871-0012b3857a5f'
	 932 :   OK                'way_957708888'                     OID '4792f304-0123-11b3-b871-0012b3857a5f'
	 933 :   OK                'way_957708889'                     OID '4792f688-0123-11b3-b871-0012b3857a5f'
	 934 :   OK                'way_957708895'                     OID '4792fb38-0123-11b3-b871-0012b3857a5f'
	 935 :   OK                'way_957708897'                     OID '4792febc-0123-11b3-b871-0012b3857a5f'
	 936 :   OK                'way_957708898'                     OID '479302a4-0123-11b3-b871-0012b3857a5f'
	 937 :   OK                'way_957708899'                     OID '4793068c-0123-11b3-b871-0012b3857a5f'
	 938 :   OK                'way_957708900'                     OID '47930ad8-0123-11b3-b871-0012b3857a5f'
	 939 :   OK                'way_957721312'                     OID 'd4c01a6c-0133-11b3-b871-0012b3857a5f'
	 940 :   OK                'way_957721313'                     OID 'd4c02494-0133-11b3-b871-0012b3857a5f'
	 941 :   OK                'way_955452117'                     OID '4d8de628-015b-11b3-b871-0012b3857a5f'
	 942 :   OK                'way_955452118'                     OID '4d8df17c-015b-11b3-b871-0012b3857a5f'
	 943 :   OK                'way_955452119'                     OID '4d8df6f4-015b-11b3-b871-0012b3857a5f'
	 944 :   OK                'way_955452120'                     OID '4d8dfb40-015b-11b3-b871-0012b3857a5f'
	 945 :   OK                'way_955452121'                     OID '4d8dfec4-015b-11b3-b871-0012b3857a5f'
	 946 :   OK                'way_955452122'                     OID '4d8e02ac-015b-11b3-b871-0012b3857a5f'
	 947 :   OK                'way_955452123'                     OID '4d8e075c-015b-11b3-b871-0012b3857a5f'
	 948 :   OK                'way_955452124'                     OID '4d8e0c0c-015b-11b3-b871-0012b3857a5f'
	 949 :   OK                'way_955452125'                     OID '4d8e0f2c-015b-11b3-b871-0012b3857a5f'
	 950 :   OK                'Shape'                             OID '1ef52428-01ad-11b3-b871-0012b3857a5f'
		CGA Errors:
			[Method: 'Default$Generate'] cleanupGeometry(): Whole geometry deleted, ignoring operation (keeping original geometry).
			[Method: 'Default$_$r_SimpleExtrusion$77'] cleanupGeometry(): Whole geometry deleted, ignoring operation (keeping original geometry).
	 951 :   OK                'Shape'                             OID '1ef5f010-01ad-11b3-b871-0012b3857a5f'
		CGA Errors:
			[Method: 'Default$Generate'] cleanupGeometry(): Whole geometry deleted, ignoring operation (keeping original geometry).
			[Method: 'Default$_$r_SimpleExtrusion$77'] cleanupGeometry(): Whole geometry deleted, ignoring operation (keeping original geometry).
	 952 :   OK                'Shape'                             OID '76c0154c-01de-11b3-b871-0012b3857a5f'
		CGA Warnings:
			[Method: 'Default$FacadeElevationCheck'] split(): SplitXYZ: leaf 1 has size 0.000007, too small, ignored
			[Method: 'Default$FacadeElevationCheck'] split(): SplitXYZ: leaf 1 has size 0.000004, too small, ignored
			[Method: 'Default$FacadeElevationCheck'] split(): SplitXYZ: leaf 1 has size 0.000006, too small, ignored
			[Method: 'Default$FacadeElevationCheck'] split(): SplitXYZ: leaf 1 has size 0.000003, too small, ignored
	 953 :   OK                'Shape'                             OID '76c0be70-01de-11b3-b871-0012b3857a5f'
	 954 :   OK                'Shape'                             OID '76c0ef44-01de-11b3-b871-0012b3857a5f'
	 955 :   OK                'Shape'                             OID '76d8b214-01de-11b3-b871-0012b3857a5f'
	 956 :   OK                'Shape'                             OID '76d95750-01de-11b3-b871-0012b3857a5f'
	 957 :   OK                'Shape'                             OID '76d98054-01de-11b3-b871-0012b3857a5f'
	 958 :   OK                'Shape'                             OID '76f0b940-01de-11b3-b871-0012b3857a5f'
		CGA Warnings:
			[Method: 'Default$FacadeElevationCheck'] split(): SplitXYZ: leaf 1 has size 0.000005, too small, ignored
			[Method: 'Default$FacadeElevationCheck'] split(): SplitXYZ: leaf 1 has size 0.000004, too small, ignored
			[Method: 'Default$FacadeElevationCheck'] split(): SplitXYZ: leaf 1 has size 0.000006, too small, ignored
	 959 :   OK                'Shape'                             OID '76f12a24-01de-11b3-b871-0012b3857a5f'
	 960 :   OK                'Shape'                             OID '76f14fa4-01de-11b3-b871-0012b3857a5f'
	 961 :   OK                'Shape'                             OID '770473a4-01de-11b3-b871-0012b3857a5f'
	 962 :   OK                'Shape'                             OID '77053758-01de-11b3-b871-0012b3857a5f'
	 963 :   OK                'Shape'                             OID '771babc8-01de-11b3-b871-0012b3857a5f'
	 964 :   OK                'Shape'                             OID '771c2670-01de-11b3-b871-0012b3857a5f'
	 965 :   OK                'Shape'                             OID '771c56e0-01de-11b3-b871-0012b3857a5f'
	 966 :   OK                'Shape'                             OID '772dacc4-01de-11b3-b871-0012b3857a5f'
	 967 :   OK                'Shape'                             OID '772e34b4-01de-11b3-b871-0012b3857a5f'
	 968 :   OK                'Shape'                             OID '772e5b60-01de-11b3-b871-0012b3857a5f'
	 969 :   OK                'Shape'                             OID '774b4b30-01de-11b3-b871-0012b3857a5f'
	 970 :   OK                'Shape'                             OID '774c096c-01de-11b3-b871-0012b3857a5f'
	 971 :   OK                'Shape'                             OID '774c31a8-01de-11b3-b871-0012b3857a5f'
	 972 :   OK                'Shape'                             OID '77600250-01de-11b3-b871-0012b3857a5f'
	 973 :   OK                'Shape'                             OID '776069d4-01de-11b3-b871-0012b3857a5f'
	 974 :   OK                'Shape'                             OID '776089dc-01de-11b3-b871-0012b3857a5f'
	 975 :   OK                'Shape'                             OID '776dc494-01de-11b3-b871-0012b3857a5f'
	 976 :   OK                'Shape'                             OID '776e09b8-01de-11b3-b871-0012b3857a5f'
	 977 :   OK                'Shape'                             OID '776e3640-01de-11b3-b871-0012b3857a5f'
	 978 :   OK                'Shape'                             OID '7781facc-01de-11b3-b871-0012b3857a5f'
	 979 :   OK                'Shape'                             OID '77824e00-01de-11b3-b871-0012b3857a5f'
	 980 :   OK                'Shape'                             OID '779333c8-01de-11b3-b871-0012b3857a5f'
	 981 :   OK                'Shape'                             OID '77937b44-01de-11b3-b871-0012b3857a5f'
	 982 :   OK                'Shape'                             OID '7793a1f0-01de-11b3-b871-0012b3857a5f'
		CGA Warnings:
			[Method: 'Default$FacadeElevationCheck'] split(): SplitXYZ: leaf 1 has size 0.000006, too small, ignored
			[Method: 'Default$FacadeElevationCheck'] split(): SplitXYZ: leaf 1 has size 0.000004, too small, ignored
	 983 :   OK                'Shape'                             OID '77a086b8-01de-11b3-b871-0012b3857a5f'
	 984 :   OK                'Shape'                             OID '77a0cdd0-01de-11b3-b871-0012b3857a5f'
	 985 :   OK                'Shape'                             OID '77a0f8c8-01de-11b3-b871-0012b3857a5f'
	 986 :   OK                'Shape'                             OID '77aeb918-01de-11b3-b871-0012b3857a5f'
	 987 :   OK                'Shape'                             OID '77af0288-01de-11b3-b871-0012b3857a5f'
	 988 :   OK                'Shape'                             OID '77bfb90c-01de-11b3-b871-0012b3857a5f'
	 989 :   OK                'Shape'                             OID '77c016cc-01de-11b3-b871-0012b3857a5f'
		CGA Warnings:
			[Method: 'Default$FacadeElevationCheck'] split(): SplitXYZ: leaf 1 has size 0.000007, too small, ignored
			[Method: 'Default$FacadeElevationCheck'] split(): SplitXYZ: leaf 1 has size 0.000003, too small, ignored
	 990 :   OK                'Shape'                             OID '77ce1984-01de-11b3-b871-0012b3857a5f'
		CGA Warnings:
			[Method: 'Default$FacadeElevationCheck'] split(): SplitXYZ: leaf 1 has size 0.000007, too small, ignored
			[Method: 'Default$FacadeElevationCheck'] split(): SplitXYZ: leaf 1 has size 0.000003, too small, ignored
	 991 :   OK                'Shape'                             OID '77ce6b28-01de-11b3-b871-0012b3857a5f'
	 992 :   OK                'Shape'                             OID '77dda46c-01de-11b3-b871-0012b3857a5f'
	 993 :   OK                'Shape'                             OID '77ddf548-01de-11b3-b871-0012b3857a5f'
	 994 :   OK                'Shape'                             OID '77de1b2c-01de-11b3-b871-0012b3857a5f'
	 995 :   OK                'Shape'                             OID '784cde40-01de-11b3-b871-0012b3857a5f'
	 996 :   OK                'Shape'                             OID '784d7cd8-01de-11b3-b871-0012b3857a5f'
	 997 :   OK                'Shape'                             OID '784da514-01de-11b3-b871-0012b3857a5f'
	 998 :   OK                'Shape'                             OID '7860a970-01de-11b3-b871-0012b3857a5f'
	 999 :   OK                'Shape'                             OID '78611c48-01de-11b3-b871-0012b3857a5f'
	1000 :   OK                'Shape'                             OID '7872191c-01de-11b3-b871-0012b3857a5f'
		CGA Warnings:
			[Method: 'Default$FacadeElevationCheck'] split(): SplitXYZ: leaf 1 has size 0.000010, too small, ignored
			[Method: 'Default$FacadeElevationCheck'] split(): SplitXYZ: leaf 1 has size 0.000000, too small, ignored
	1001 :   OK                'Shape'                             OID '78727808-01de-11b3-b871-0012b3857a5f'
	1002 :   OK                'Shape'                             OID '787deecc-01de-11b3-b871-0012b3857a5f'
	1003 :   OK                'Shape'                             OID '787e3af8-01de-11b3-b871-0012b3857a5f'
	1004 :   OK                'Shape'                             OID '788c2578-01de-11b3-b871-0012b3857a5f'
	1005 :   OK                'Shape'                             OID '788c86bc-01de-11b3-b871-0012b3857a5f'
	1006 :   OK                'Shape'                             OID '788cad04-01de-11b3-b871-0012b3857a5f'
	1007 :   OK                'Shape'                             OID '789e1d78-01de-11b3-b871-0012b3857a5f'
	1008 :   OK                'Shape'                             OID '789e9438-01de-11b3-b871-0012b3857a5f'
		CGA Warnings:
			[Method: 'Default$FacadeElevationCheck'] split(): SplitXYZ: leaf 1 has size 0.000006, too small, ignored
			[Method: 'Default$FacadeElevationCheck'] split(): SplitXYZ: leaf 1 has size 0.000004, too small, ignored
	1009 :   OK                'Shape'                             OID '78adec58-01de-11b3-b871-0012b3857a5f'
	1010 :   OK                'Shape'                             OID '78ae4374-01de-11b3-b871-0012b3857a5f'
	1011 :   OK                'Shape'                             OID '78ae6444-01de-11b3-b871-0012b3857a5f'
	1012 :   OK                'Shape'                             OID '78bcc714-01de-11b3-b871-0012b3857a5f'
	1013 :   OK                'Shape'                             OID '78bd3348-01de-11b3-b871-0012b3857a5f'
	1014 :   OK                'Shape'                             OID '78bd56d4-01de-11b3-b871-0012b3857a5f'
	1015 :   OK                'Shape'                             OID '78ce4020-01de-11b3-b871-0012b3857a5f'
	1016 :   OK                'Shape'                             OID '78cea09c-01de-11b3-b871-0012b3857a5f'
	1017 :   OK                'Shape'                             OID '78e0ffbc-01de-11b3-b871-0012b3857a5f'
	1018 :   OK                'Shape'                             OID '78e18dec-01de-11b3-b871-0012b3857a5f'
		CGA Warnings:
			[Method: 'Default$FacadeElevationCheck'] split(): SplitXYZ: leaf 1 has size 0.000010, too small, ignored
			[Method: 'Default$FacadeElevationCheck'] split(): SplitXYZ: leaf 1 has size 0.000000, too small, ignored
	1019 :   OK                'Shape'                             OID '78e1b880-01de-11b3-b871-0012b3857a5f'
	1020 :   OK                'Shape'                             OID '78f10164-01de-11b3-b871-0012b3857a5f'
	1021 :   OK                'Shape'                             OID '78f15c04-01de-11b3-b871-0012b3857a5f'
	1022 :   OK                'Shape'                             OID '790134a8-01de-11b3-b871-0012b3857a5f'
	1023 :   OK                'Shape'                             OID '79019718-01de-11b3-b871-0012b3857a5f'
	1024 :   OK                'Shape'                             OID '7901bd60-01de-11b3-b871-0012b3857a5f'
	1025 :   OK                'Shape'                             OID '79245924-01de-11b3-b871-0012b3857a5f'
		CGA Warnings:
			[Method: 'Default$FacadeElevationCheck'] split(): SplitXYZ: leaf 1 has size 0.000006, too small, ignored
			[Method: 'Default$FacadeElevationCheck'] split(): SplitXYZ: leaf 1 has size 0.000003, too small, ignored
			[Method: 'Default$FacadeElevationCheck'] split(): SplitXYZ: leaf 1 has size 0.000007, too small, ignored
			[Method: 'Default$FacadeElevationCheck'] split(): SplitXYZ: leaf 1 has size 0.000004, too small, ignored
	1026 :   OK                'Shape'                             OID '792502ac-01de-11b3-b871-0012b3857a5f'
	1027 :   OK                'Shape'                             OID '79258f4c-01de-11b3-b871-0012b3857a5f'
	1028 :   OK                'Shape'                             OID '79484d0c-01de-11b3-b871-0012b3857a5f'
	1029 :   OK                'Shape'                             OID '7948c750-01de-11b3-b871-0012b3857a5f'
	1030 :   OK                'Shape'                             OID '796fe9ac-01de-11b3-b871-0012b3857a5f'
		CGA Warnings:
			[Method: 'Default$FacadeElevationCheck'] split(): SplitXYZ: leaf 1 has size 0.000007, too small, ignored
			[Method: 'Default$FacadeElevationCheck'] split(): SplitXYZ: leaf 1 has size 0.000004, too small, ignored
			[Method: 'Default$FacadeElevationCheck'] split(): SplitXYZ: leaf 1 has size 0.000006, too small, ignored
			[Method: 'Default$FacadeElevationCheck'] split(): SplitXYZ: leaf 1 has size 0.000003, too small, ignored
	1031 :   OK                'Shape'                             OID '797074bc-01de-11b3-b871-0012b3857a5f'
	1032 :   OK                'Shape'                             OID '7970ab08-01de-11b3-b871-0012b3857a5f'
	1033 :   OK                'Shape'                             OID '797f73cc-01de-11b3-b871-0012b3857a5f'
	1034 :   OK                'Shape'                             OID '797fccdc-01de-11b3-b871-0012b3857a5f'
	1035 :   OK                'Shape'                             OID '798c9e1c-01de-11b3-b871-0012b3857a5f'
	1036 :   OK                'Shape'                             OID '798cf3a8-01de-11b3-b871-0012b3857a5f'
	1037 :   OK                'Shape'                             OID '798d2224-01de-11b3-b871-0012b3857a5f'
	1038 :   OK                'Shape'                             OID '799bdae4-01de-11b3-b871-0012b3857a5f'
	1039 :   OK                'Shape'                             OID '799c2c24-01de-11b3-b871-0012b3857a5f'
	1040 :   OK                'Shape'                             OID '79ac7034-01de-11b3-b871-0012b3857a5f'
	1041 :   OK                'Shape'                             OID '79acc048-01de-11b3-b871-0012b3857a5f'
	1042 :   OK                'Shape'                             OID '79acef28-01de-11b3-b871-0012b3857a5f'
		CGA Warnings:
			[Method: 'Default$FacadeElevationCheck'] split(): SplitXYZ: leaf 1 has size 0.000005, too small, ignored
	1043 :   OK                'Shape'                             OID '79b9edb8-01de-11b3-b871-0012b3857a5f'
	1044 :   OK                'Shape'                             OID '79ba3fc0-01de-11b3-b871-0012b3857a5f'
	1045 :   OK                'Shape'                             OID '79ba6284-01de-11b3-b871-0012b3857a5f'
	1046 :   OK                'Shape'                             OID '79d38480-01de-11b3-b871-0012b3857a5f'
	1047 :   OK                'Shape'                             OID '79d4606c-01de-11b3-b871-0012b3857a5f'
	1048 :   OK                'Shape'                             OID '79e64f0c-01de-11b3-b871-0012b3857a5f'
	1049 :   OK                'Shape'                             OID '79e6f4ac-01de-11b3-b871-0012b3857a5f'
	1050 :   OK                'Shape'                             OID '79f74ab4-01de-11b3-b871-0012b3857a5f'
	1051 :   OK                'Shape'                             OID '79f79de8-01de-11b3-b871-0012b3857a5f'
	1052 :   OK                'Shape'                             OID '79f7c688-01de-11b3-b871-0012b3857a5f'
	1053 :   OK                'Shape'                             OID '7a07ab48-01de-11b3-b871-0012b3857a5f'
	1054 :   OK                'Shape'                             OID '7a0800d4-01de-11b3-b871-0012b3857a5f'
	1055 :   OK                'Shape'                             OID '7a082bcc-01de-11b3-b871-0012b3857a5f'
	1056 :   OK                'Shape'                             OID '7a1dd774-01de-11b3-b871-0012b3857a5f'
	1057 :   OK                'Shape'                             OID '7a1e6cac-01de-11b3-b871-0012b3857a5f'
	1058 :   OK                'Shape'                             OID '7a31874c-01de-11b3-b871-0012b3857a5f'
	1059 :   OK                'Shape'                             OID '7a31f894-01de-11b3-b871-0012b3857a5f'
	1060 :   OK                'Shape'                             OID '7a43d08c-01de-11b3-b871-0012b3857a5f'
	1061 :   OK                'Shape'                             OID '7a445fe8-01de-11b3-b871-0012b3857a5f'
	1062 :   OK                'Shape'                             OID '7a448888-01de-11b3-b871-0012b3857a5f'
	1063 :   OK                'Shape'                             OID '7a53d93c-01de-11b3-b871-0012b3857a5f'
	1064 :   OK                'Shape'                             OID '7a543440-01de-11b3-b871-0012b3857a5f'
	1065 :   OK                'Shape'                             OID '7a5455d8-01de-11b3-b871-0012b3857a5f'
	1066 :   OK                'Shape'                             OID '7a547838-01de-11b3-b871-0012b3857a5f'
	1067 :   OK                'Shape'                             OID '7a620d90-01de-11b3-b871-0012b3857a5f'
	1068 :   OK                'Shape'                             OID '7a62ac8c-01de-11b3-b871-0012b3857a5f'
		CGA Warnings:
			[Method: 'Default$FacadeElevationCheck'] split(): SplitXYZ: leaf 1 has size 0.000005, too small, ignored
			[Method: 'Default$FacadeElevationCheck'] split(): SplitXYZ: leaf 1 has size 0.000004, too small, ignored
			[Method: 'Default$FacadeElevationCheck'] split(): SplitXYZ: leaf 1 has size 0.000006, too small, ignored
	1069 :   OK                'Shape'                             OID '7a62dbd0-01de-11b3-b871-0012b3857a5f'
	1070 :   OK                'Shape'                             OID '7a7c667c-01de-11b3-b871-0012b3857a5f'
		CGA Warnings:
			[Method: 'Default$FacadeElevationCheck'] split(): SplitXYZ: leaf 1 has size 0.000006, too small, ignored
			[Method: 'Default$FacadeElevationCheck'] split(): SplitXYZ: leaf 1 has size 0.000004, too small, ignored
	1071 :   OK                'Shape'                             OID '7a7cfce0-01de-11b3-b871-0012b3857a5f'
	1072 :   OK                'Shape'                             OID '7a8e7c2c-01de-11b3-b871-0012b3857a5f'
	1073 :   OK                'Shape'                             OID '7a8ed668-01de-11b3-b871-0012b3857a5f'
	1074 :   OK                'Shape'                             OID '7a9de1f8-01de-11b3-b871-0012b3857a5f'
	1075 :   OK                'Shape'                             OID '7a9e2eec-01de-11b3-b871-0012b3857a5f'
	1076 :   OK                'Shape'                             OID '7aafe54c-01de-11b3-b871-0012b3857a5f'
	1077 :   OK                'Shape'                             OID '7ab0abbc-01de-11b3-b871-0012b3857a5f'
		CGA Warnings:
			[Method: 'Default$FacadeElevationCheck'] split(): SplitXYZ: leaf 1 has size 0.000008, too small, ignored
			[Method: 'Default$FacadeElevationCheck'] split(): SplitXYZ: leaf 1 has size 0.000002, too small, ignored
			[Method: 'Default$FacadeElevationCheck'] split(): SplitXYZ: leaf 1 has size 0.000006, too small, ignored
			[Method: 'Default$FacadeElevationCheck'] split(): SplitXYZ: leaf 1 has size 0.000004, too small, ignored
	1078 :   OK                'Shape'                             OID '7abe7e68-01de-11b3-b871-0012b3857a5f'
	1079 :   OK                'Shape'                             OID '7abedbc4-01de-11b3-b871-0012b3857a5f'
	1080 :   OK                'Shape'                             OID '7ad35c34-01de-11b3-b871-0012b3857a5f'
	1081 :   OK                'Shape'                             OID '7ad3fbf8-01de-11b3-b871-0012b3857a5f'
		CGA Warnings:
			[Method: 'Default$FacadeElevationCheck'] split(): SplitXYZ: leaf 1 has size 0.000006, too small, ignored
			[Method: 'Default$FacadeElevationCheck'] split(): SplitXYZ: leaf 1 has size 0.000004, too small, ignored
	1082 :   OK                'Shape'                             OID '7ad42ad8-01de-11b3-b871-0012b3857a5f'
	1083 :   OK                'Shape'                             OID '7ae4cd0c-01de-11b3-b871-0012b3857a5f'
	1084 :   OK                'Shape'                             OID '7ae525b8-01de-11b3-b871-0012b3857a5f'
	1085 :   OK                'Shape'                             OID '7af1fba8-01de-11b3-b871-0012b3857a5f'
	1086 :   OK                'Shape'                             OID '7af23fa0-01de-11b3-b871-0012b3857a5f'
	1087 :   OK                'Shape'                             OID '7af260d4-01de-11b3-b871-0012b3857a5f'
	1088 :   OK                'Shape'                             OID '7b020bc4-01de-11b3-b871-0012b3857a5f'
		CGA Warnings:
			[Method: 'Default$FacadeElevationCheck'] split(): SplitXYZ: leaf 1 has size 0.000005, too small, ignored
	1089 :   OK                'Shape'                             OID '7b025c3c-01de-11b3-b871-0012b3857a5f'
	1090 :   OK                'Shape'                             OID '7b028798-01de-11b3-b871-0012b3857a5f'
	1091 :   OK                'Shape'                             OID '7b106340-01de-11b3-b871-0012b3857a5f'
	1092 :   OK                'Shape'                             OID '7b10d550-01de-11b3-b871-0012b3857a5f'
	1093 :   OK                'Shape'                             OID '7b10f044-01de-11b3-b871-0012b3857a5f'
	1094 :   OK                'Shape'                             OID 'a7bb0518-0205-11b3-b871-0012b3857a5f'
	1095 :   OK                'Shape'                             OID 'a7bbf93c-0205-11b3-b871-0012b3857a5f'
	1096 :   OK                'Shape'                             OID 'a7bc33d4-0205-11b3-b871-0012b3857a5f'
	1097 :   OK                'Shape'                             OID 'a7bc6570-0205-11b3-b871-0012b3857a5f'
	1098 :   OK                'Shape'                             OID 'a7bc9388-0205-11b3-b871-0012b3857a5f'
	1099 :   OK                'Shape'                             OID 'a7bcc524-0205-11b3-b871-0012b3857a5f'
	1100 :   OK                'Shape'                             OID 'a7bd1470-0205-11b3-b871-0012b3857a5f'
	1101 :   OK                'Shape'                             OID 'a7bd40f8-0205-11b3-b871-0012b3857a5f'
	1102 :   OK                'Shape'                             OID 'a7bd703c-0205-11b3-b871-0012b3857a5f'
	1103 :   OK                'Shape'                             OID 'a7bd9d8c-0205-11b3-b871-0012b3857a5f'
	1104 :   OK                'Shape'                             OID 'a7bdcb40-0205-11b3-b871-0012b3857a5f'
	1105 :   OK                'Shape'                             OID 'a7bdf7c8-0205-11b3-b871-0012b3857a5f'
	1106 :   OK                'Shape'                             OID 'a7be306c-0205-11b3-b871-0012b3857a5f'
	1107 :   OK                'Shape'                             OID 'a7be6208-0205-11b3-b871-0012b3857a5f'
	1108 :   OK                'Shape'                             OID 'a7be9278-0205-11b3-b871-0012b3857a5f'
	1109 :   OK                'Shape'                             OID 'a7bebdd4-0205-11b3-b871-0012b3857a5f'
	1110 :   OK                'Shape'                             OID 'a7beeea8-0205-11b3-b871-0012b3857a5f'
	1111 :   OK                'Shape'                             OID 'a7bf242c-0205-11b3-b871-0012b3857a5f'
	1112 :   OK                'Shape'                             OID 'a7bf57bc-0205-11b3-b871-0012b3857a5f'
	1113 :   OK                'Shape'                             OID 'a7bf8ae8-0205-11b3-b871-0012b3857a5f'
	1114 :   OK                'Shape'                             OID 'a7bfb964-0205-11b3-b871-0012b3857a5f'
	1115 :   OK                'Shape'                             OID 'a7bfe268-0205-11b3-b871-0012b3857a5f'
	1116 :   OK                'Shape'                             OID 'a7c00f54-0205-11b3-b871-0012b3857a5f'
	1117 :   OK                'Shape'                             OID 'a7c039e8-0205-11b3-b871-0012b3857a5f'
	1118 :   OK                'Shape'                             OID 'a7c06800-0205-11b3-b871-0012b3857a5f'
	1119 :   OK                'Shape'                             OID 'a7c0980c-0205-11b3-b871-0012b3857a5f'
	1120 :   OK                'Shape'                             OID 'a7c0c8e0-0205-11b3-b871-0012b3857a5f'
	1121 :   OK                'Shape'                             OID 'a7c0f6f8-0205-11b3-b871-0012b3857a5f'
	1122 :   OK                'Shape'                             OID 'a7c125d8-0205-11b3-b871-0012b3857a5f'
	1123 :   OK                'Shape'                             OID 'a7c15a94-0205-11b3-b871-0012b3857a5f'
	1124 :   OK                'Shape'                             OID 'a7c19aa4-0205-11b3-b871-0012b3857a5f'
	1125 :   OK                'Shape'                             OID 'a7c1d028-0205-11b3-b871-0012b3857a5f'
	1126 :   OK                'Shape'                             OID 'a7c1fc4c-0205-11b3-b871-0012b3857a5f'
	1127 :   OK                'Shape'                             OID 'a7c23428-0205-11b3-b871-0012b3857a5f'
	1128 :   OK                'Shape'                             OID 'a7c26d30-0205-11b3-b871-0012b3857a5f'
	1129 :   OK                'Shape'                             OID 'a7c2a700-0205-11b3-b871-0012b3857a5f'
	1130 :   OK                'Shape'                             OID 'a7c2d5e0-0205-11b3-b871-0012b3857a5f'
	1131 :   OK                'Shape'                             OID 'a7c30a9c-0205-11b3-b871-0012b3857a5f'
	1132 :   OK                'Shape'                             OID 'a7c34020-0205-11b3-b871-0012b3857a5f'
	1133 :   OK                'Shape'                             OID 'a7c36b18-0205-11b3-b871-0012b3857a5f'
	1134 :   OK                'Shape'                             OID 'a7c398cc-0205-11b3-b871-0012b3857a5f'
	1135 :   OK                'Shape'                             OID 'a7c3c93c-0205-11b3-b871-0012b3857a5f'
	1136 :   OK                'Shape'                             OID 'a7c3fdf8-0205-11b3-b871-0012b3857a5f'
	1137 :   OK                'Shape'                             OID 'a7c43890-0205-11b3-b871-0012b3857a5f'
	1138 :   OK                'Shape'                             OID 'a7c46d4c-0205-11b3-b871-0012b3857a5f'
	1139 :   OK                'Shape'                             OID 'a7c4a140-0205-11b3-b871-0012b3857a5f'
	1140 :   OK                'Shape'                             OID 'ffdd2e68-0220-11b3-b871-0012b3857a5f'
	1141 :   OK                'Shape'                             OID 'ffde04dc-0220-11b3-b871-0012b3857a5f'
	1142 :   OK                'Shape'                             OID 'ffde3358-0220-11b3-b871-0012b3857a5f'
	1143 :   OK                'Shape'                             OID 'ffde5fe0-0220-11b3-b871-0012b3857a5f'
	1144 :   OK                'Shape'                             OID 'ffde7fe8-0220-11b3-b871-0012b3857a5f'
	1145 :   OK                'Shape'                             OID 'ffde9f28-0220-11b3-b871-0012b3857a5f'
	1146 :   OK                'Shape'                             OID 'ffdebf30-0220-11b3-b871-0012b3857a5f'
	1147 :   OK                'Shape'                             OID 'ffdedf38-0220-11b3-b871-0012b3857a5f'
	1148 :   OK                'Shape'                             OID 'ffdf0648-0220-11b3-b871-0012b3857a5f'
	1149 :   OK                'Shape'                             OID 'ffdf25ec-0220-11b3-b871-0012b3857a5f'
	1150 :   OK                'Shape'                             OID 'ffdf4464-0220-11b3-b871-0012b3857a5f'
	1151 :   OK                'Shape'                             OID 'ffdf64d0-0220-11b3-b871-0012b3857a5f'
	1152 :   OK                'Shape'                             OID 'ffdf8410-0220-11b3-b871-0012b3857a5f'
	1153 :   OK                'Shape'                             OID 'ffdfc484-0220-11b3-b871-0012b3857a5f'
	1154 :   OK                'Shape'                             OID 'ffdfe234-0220-11b3-b871-0012b3857a5f'
	1155 :   OK                'Shape'                             OID 'ffe00750-0220-11b3-b871-0012b3857a5f'
	1156 :   OK                'Shape'                             OID 'ffe02a78-0220-11b3-b871-0012b3857a5f'
	1157 :   OK                'Shape'                             OID 'ffe048f0-0220-11b3-b871-0012b3857a5f'
	1158 :   OK                'Shape'                             OID 'ffe0695c-0220-11b3-b871-0012b3857a5f'
	1159 :   OK                'Shape'                             OID 'ffe08b58-0220-11b3-b871-0012b3857a5f'
	1160 :   OK                'Shape'                             OID 'ffe0b2cc-0220-11b3-b871-0012b3857a5f'
	1161 :   OK                'Shape'                             OID 'ffe0d658-0220-11b3-b871-0012b3857a5f'
	1162 :   OK                'Shape'                             OID 'ffe0f408-0220-11b3-b871-0012b3857a5f'
	1163 :   OK                'Shape'                             OID 'ffe11730-0220-11b3-b871-0012b3857a5f'
	1164 :   OK                'Shape'                             OID 'ffe1379c-0220-11b3-b871-0012b3857a5f'
	1165 :   OK                'Shape'                             OID 'ffe16f78-0220-11b3-b871-0012b3857a5f'
	1166 :   OK                'Shape'                             OID 'ffe192a0-0220-11b3-b871-0012b3857a5f'
	1167 :   OK                'Shape'                             OID 'ffe1b050-0220-11b3-b871-0012b3857a5f'
	1168 :   OK                'Shape'                             OID 'ffe1d1e8-0220-11b3-b871-0012b3857a5f'
	1169 :   OK                'Shape'                             OID 'ffe1f574-0220-11b3-b871-0012b3857a5f'
	1170 :   OK                'Shape'                             OID 'ffe227d8-0220-11b3-b871-0012b3857a5f'
	1171 :   OK                'Shape'                             OID '76e25664-0258-11b3-b871-0012b3857a5f'
	1172 :   OK                'Shape'                             OID '76f5bd94-0258-11b3-b871-0012b3857a5f'
	1173 :   OK                'Shape'                             OID '76f644bc-0258-11b3-b871-0012b3857a5f'
	1174 :   OK                'Shape'                             OID '76fef878-0258-11b3-b871-0012b3857a5f'
	1175 :   OK                'Shape'                             OID '770dbe1c-0258-11b3-b871-0012b3857a5f'
	1176 :   OK                'Shape'                             OID '770e12e0-0258-11b3-b871-0012b3857a5f'
	1177 :   OK                'Shape'                             OID '770e34dc-0258-11b3-b871-0012b3857a5f'
	1178 :   OK                'Shape'                             OID '770e5994-0258-11b3-b871-0012b3857a5f'
	1179 :   OK                'Shape'                             OID '77143d00-0258-11b3-b871-0012b3857a5f'
	1180 :   OK                'Shape'                             OID '771f3ef8-0258-11b3-b871-0012b3857a5f'
	1181 :   OK                'Shape'                             OID '772d1eec-0258-11b3-b871-0012b3857a5f'
	1182 :   OK                'Shape'                             OID '772d81c0-0258-11b3-b871-0012b3857a5f'
	1183 :   OK                'Shape'                             OID '7734ea3c-0258-11b3-b871-0012b3857a5f'
	1184 :   OK                'Shape'                             OID '773f9518-0258-11b3-b871-0012b3857a5f'
	1185 :   OK                'Shape'                             OID '773fcf4c-0258-11b3-b871-0012b3857a5f'
	1186 :   OK                'Shape'                             OID '773ff468-0258-11b3-b871-0012b3857a5f'
	1187 :   OK                'Shape'                             OID '774f7974-0258-11b3-b871-0012b3857a5f'
	1188 :   OK                'Shape'                             OID '77500484-0258-11b3-b871-0012b3857a5f'
	1189 :   OK                'Shape'                             OID '77503878-0258-11b3-b871-0012b3857a5f'
	1190 :   OK                'Shape'                             OID '77592668-0258-11b3-b871-0012b3857a5f'
	1191 :   OK                'Shape'                             OID '775f9160-0258-11b3-b871-0012b3857a5f'
	1192 :   OK                'Shape'                             OID '77659e98-0258-11b3-b871-0012b3857a5f'
	1193 :   OK                'Shape'                             OID '776ea394-0258-11b3-b871-0012b3857a5f'
	1194 :   OK                'Shape'                             OID '776ef088-0258-11b3-b871-0012b3857a5f'
	1195 :   OK                'Shape'                             OID '776f1414-0258-11b3-b871-0012b3857a5f'
	1196 :   OK                'Shape'                             OID '77756ddc-0258-11b3-b871-0012b3857a5f'
	1197 :   OK                'Shape'                             OID '777f92bc-0258-11b3-b871-0012b3857a5f'
	1198 :   OK                'Shape'                             OID '777fcee4-0258-11b3-b871-0012b3857a5f'
	1199 :   OK                'Shape'                             OID '77919c50-0258-11b3-b871-0012b3857a5f'
	1200 :   OK                'Shape'                             OID '779229b8-0258-11b3-b871-0012b3857a5f'
	1201 :   OK                'Shape'                             OID '77a38e10-0258-11b3-b871-0012b3857a5f'
	1202 :   OK                'Shape'                             OID '77a3e590-0258-11b3-b871-0012b3857a5f'
	1203 :   OK                'Shape'                             OID '77a4091c-0258-11b3-b871-0012b3857a5f'
	1204 :   OK                'Shape'                             OID '77b64258-0258-11b3-b871-0012b3857a5f'
	1205 :   OK                'Shape'                             OID '77b719f8-0258-11b3-b871-0012b3857a5f'
	1206 :   OK                'Shape'                             OID '77b73bf4-0258-11b3-b871-0012b3857a5f'
	1207 :   OK                'Shape'                             OID '77c1e478-0258-11b3-b871-0012b3857a5f'
	1208 :   OK                'Shape'                             OID '77c23554-0258-11b3-b871-0012b3857a5f'
	1209 :   OK                'Shape'                             OID '77c934bc-0258-11b3-b871-0012b3857a5f'
	1210 :   OK                'Shape'                             OID '77c9797c-0258-11b3-b871-0012b3857a5f'
	1211 :   OK                'Shape'                             OID '77d1f6ec-0258-11b3-b871-0012b3857a5f'
	1212 :   OK                'Shape'                             OID '77d23954-0258-11b3-b871-0012b3857a5f'
	1213 :   OK                'Shape'                             OID '77d99230-0258-11b3-b871-0012b3857a5f'
	1214 :   OK                'Shape'                             OID '77dfaea4-0258-11b3-b871-0012b3857a5f'
	1215 :   OK                'Shape'                             OID '77ebb654-0258-11b3-b871-0012b3857a5f'
	1216 :   OK                'Shape'                             OID '77ec08c0-0258-11b3-b871-0012b3857a5f'
	1217 :   OK                'Shape'                             OID '77f6689c-0258-11b3-b871-0012b3857a5f'
	1218 :   OK                'Shape'                             OID '77f6a7e4-0258-11b3-b871-0012b3857a5f'
	1219 :   OK                'Shape'                             OID '77f6c788-0258-11b3-b871-0012b3857a5f'
	1220 :   OK                'Shape'                             OID '78327ddc-0258-11b3-b871-0012b3857a5f'
	1221 :   OK                'Shape'                             OID '783ef92c-0258-11b3-b871-0012b3857a5f'
	1222 :   OK                'Shape'                             OID '78495db8-0258-11b3-b871-0012b3857a5f'
	1223 :   OK                'Shape'                             OID '785403e4-0258-11b3-b871-0012b3857a5f'
	1224 :   OK                'Shape'                             OID '785dae1c-0258-11b3-b871-0012b3857a5f'
	1225 :   OK                'Shape'                             OID '7866a184-0258-11b3-b871-0012b3857a5f'
	1226 :   OK                'Shape'                             OID '786e1748-0258-11b3-b871-0012b3857a5f'
	1227 :   OK                'Shape'                             OID '786e594c-0258-11b3-b871-0012b3857a5f'
	1228 :   OK                'Shape'                             OID '787645d0-0258-11b3-b871-0012b3857a5f'
	1229 :   OK                'Shape'                             OID '7876b010-0258-11b3-b871-0012b3857a5f'
	1230 :   OK                'Shape'                             OID '6617e860-0273-11b3-b871-0012b3857a5f'
	1231 :   OK                'Shape'                             OID '662bc3f8-0273-11b3-b871-0012b3857a5f'
	1232 :   OK                'Shape'                             OID '6635bd7c-0273-11b3-b871-0012b3857a5f'
	1233 :   OK                'Shape'                             OID '6636375c-0273-11b3-b871-0012b3857a5f'
	1234 :   OK                'Shape'                             OID '66431f44-0273-11b3-b871-0012b3857a5f'
	1235 :   OK                'Shape'                             OID '66439348-0273-11b3-b871-0012b3857a5f'
	1236 :   OK                'Shape'                             OID '664b1398-0273-11b3-b871-0012b3857a5f'
	1237 :   OK                'Shape'                             OID '66532984-0273-11b3-b871-0012b3857a5f'
	1238 :   OK                'Shape'                             OID '665b68d8-0273-11b3-b871-0012b3857a5f'
	1239 :   OK                'Shape'                             OID '665ba884-0273-11b3-b871-0012b3857a5f'
	1240 :   OK                'Shape'                             OID '66626200-0273-11b3-b871-0012b3857a5f'
	1241 :   OK                'Shape'                             OID '6662a6c0-0273-11b3-b871-0012b3857a5f'
	1242 :   OK                'Shape'                             OID '6669522c-0273-11b3-b871-0012b3857a5f'
	1243 :   OK                'Shape'                             OID '667072c8-0273-11b3-b871-0012b3857a5f'
	1244 :   OK                'Shape'                             OID '667906e0-0273-11b3-b871-0012b3857a5f'
	1245 :   OK                'Shape'                             OID '66805e90-0273-11b3-b871-0012b3857a5f'
	1246 :   OK                'Shape'                             OID '669a39b4-0273-11b3-b871-0012b3857a5f'
	1247 :   OK                'Shape'                             OID '669b2b1c-0273-11b3-b871-0012b3857a5f'
	1248 :   OK                'Shape'                             OID '669b61cc-0273-11b3-b871-0012b3857a5f'
	1249 :   OK                'Shape'                             OID '669b9110-0273-11b3-b871-0012b3857a5f'
	1250 :   OK                'Shape'                             OID '669bb62c-0273-11b3-b871-0012b3857a5f'
	1251 :   OK                'Shape'                             OID '669bda1c-0273-11b3-b871-0012b3857a5f'
	1252 :   OK                'Shape'                             OID '66a6b0b8-0273-11b3-b871-0012b3857a5f'
	1253 :   OK                'Shape'                             OID '66ad9e8c-0273-11b3-b871-0012b3857a5f'
	1254 :   OK                'Shape'                             OID '66b29c48-0273-11b3-b871-0012b3857a5f'
	1255 :   OK                'Shape'                             OID '66bada0c-0273-11b3-b871-0012b3857a5f'
	1256 :   OK                'Shape'                             OID '66eb92b4-0273-11b3-b871-0012b3857a5f'
	1257 :   OK                'Shape'                             OID '66ebecf0-0273-11b3-b871-0012b3857a5f'
	1258 :   OK                'Shape'                             OID '66f620a8-0273-11b3-b871-0012b3857a5f'
	1259 :   OK                'Shape'                             OID '66ffb5c8-0273-11b3-b871-0012b3857a5f'
	1260 :   OK                'Shape'                             OID '670005dc-0273-11b3-b871-0012b3857a5f'
	1261 :   OK                'Shape'                             OID '6706defc-0273-11b3-b871-0012b3857a5f'
	1262 :   OK                'Shape'                             OID '670eede0-0273-11b3-b871-0012b3857a5f'
	1263 :   OK                'Shape'                             OID '67141b44-0273-11b3-b871-0012b3857a5f'
	1264 :   OK                'Shape'                             OID '6729cf20-0273-11b3-b871-0012b3857a5f'
	1265 :   OK                'Shape'                             OID '67373534-0273-11b3-b871-0012b3857a5f'
	1266 :   OK                'Shape'                             OID '673db224-0273-11b3-b871-0012b3857a5f'
	1267 :   OK                'Shape'                             OID '67473d1c-0273-11b3-b871-0012b3857a5f'
	1268 :   OK                'Shape'                             OID '6755df34-0273-11b3-b871-0012b3857a5f'
	1269 :   OK                'Shape'                             OID '67564780-0273-11b3-b871-0012b3857a5f'
	1270 :   OK                'Shape'                             OID '676a958c-0273-11b3-b871-0012b3857a5f'
	1271 :   OK                'Shape'                             OID '676aff04-0273-11b3-b871-0012b3857a5f'
	1272 :   OK                'Shape'                             OID '67747034-0273-11b3-b871-0012b3857a5f'
	1273 :   OK                'Shape'                             OID '678602a4-0273-11b3-b871-0012b3857a5f'
	1274 :   OK                'Shape'                             OID '67867bbc-0273-11b3-b871-0012b3857a5f'
	1275 :   OK                'Shape'                             OID '6786a45c-0273-11b3-b871-0012b3857a5f'
	1276 :   OK                'Shape'                             OID '678ed0f0-0273-11b3-b871-0012b3857a5f'
	1277 :   OK                'Shape'                             OID '67965c30-0273-11b3-b871-0012b3857a5f'
	1278 :   OK                'Shape'                             OID '67a03160-0273-11b3-b871-0012b3857a5f'
	1279 :   OK                'Shape'                             OID '67a08c00-0273-11b3-b871-0012b3857a5f'
	1280 :   OK                'Shape'                             OID '67a0b6f8-0273-11b3-b871-0012b3857a5f'
	1281 :   OK                'Shape'                             OID '67aa9e20-0273-11b3-b871-0012b3857a5f'
	1282 :   OK                'Shape'                             OID '67ab07fc-0273-11b3-b871-0012b3857a5f'
	1283 :   OK                'Shape'                             OID '67b55068-0273-11b3-b871-0012b3857a5f'
	1284 :   OK                'Shape'                             OID '67b59910-0273-11b3-b871-0012b3857a5f'
	1285 :   OK                'Shape'                             OID '67b5bd64-0273-11b3-b871-0012b3857a5f'
	1286 :   OK                'Shape'                             OID '67bcd75c-0273-11b3-b871-0012b3857a5f'
	1287 :   OK                'Shape'                             OID '67d06f60-0273-11b3-b871-0012b3857a5f'
	1288 :   OK                'Shape'                             OID '67d0b614-0273-11b3-b871-0012b3857a5f'
	1289 :   OK                'Shape'                             OID '67d9a6c0-0273-11b3-b871-0012b3857a5f'
	1290 :   OK                'Shape'                             OID '67d9ef68-0273-11b3-b871-0012b3857a5f'
	1291 :   OK                'Shape'                             OID '67e11c20-0273-11b3-b871-0012b3857a5f'
	1292 :   OK                'Shape'                             OID '67e7c9e4-0273-11b3-b871-0012b3857a5f'
	1293 :   OK                'Shape'                             OID '67ee6ac4-0273-11b3-b871-0012b3857a5f'
	1294 :   OK                'Shape'                             OID '67f629f8-0273-11b3-b871-0012b3857a5f'
	1295 :   OK                'Shape'                             OID '67fac1c0-0273-11b3-b871-0012b3857a5f'
	1296 :   OK                'Shape'                             OID '68005a90-0273-11b3-b871-0012b3857a5f'
	1297 :   OK                'Shape'                             OID '68009848-0273-11b3-b871-0012b3857a5f'
	1298 :   OK                'Shape'                             OID '680b08f0-0273-11b3-b871-0012b3857a5f'
	1299 :   OK                'Shape'                             OID '680b80dc-0273-11b3-b871-0012b3857a5f'
	1300 :   OK                'Shape'                             OID '680bb46c-0273-11b3-b871-0012b3857a5f'
	1301 :   OK                'Shape'                             OID '681baa5c-0273-11b3-b871-0012b3857a5f'
	1302 :   OK                'Shape'                             OID '682d6c74-0273-11b3-b871-0012b3857a5f'
	1303 :   OK                'Shape'                             OID '682de528-0273-11b3-b871-0012b3857a5f'
	1304 :   OK                'Shape'                             OID '682e0dc8-0273-11b3-b871-0012b3857a5f'
	1305 :   OK                'Shape'                             OID '6837a9f0-0273-11b3-b871-0012b3857a5f'
	1306 :   OK                'Shape'                             OID '68380238-0273-11b3-b871-0012b3857a5f'
	1307 :   OK                'Shape'                             OID '684a3f5c-0273-11b3-b871-0012b3857a5f'
	1308 :   OK                'Shape'                             OID '684aa938-0273-11b3-b871-0012b3857a5f'
	1309 :   OK                'Shape'                             OID '87d62ed4-02a6-11b3-b871-0012b3857a5f'
	1310 :   OK                'Shape'                             OID '87d71d80-02a6-11b3-b871-0012b3857a5f'
	1311 :   OK                'Shape'                             OID '87e34d6c-02a6-11b3-b871-0012b3857a5f'
	1312 :   OK                'Shape'                             OID '87e3b93c-02a6-11b3-b871-0012b3857a5f'
	1313 :   OK                'Shape'                             OID '87eb447c-02a6-11b3-b871-0012b3857a5f'
	1314 :   OK                'Shape'                             OID '87eb929c-02a6-11b3-b871-0012b3857a5f'
	1315 :   OK                'Shape'                             OID '87fd05cc-02a6-11b3-b871-0012b3857a5f'
	1316 :   OK                'Shape'                             OID '87fdbd64-02a6-11b3-b871-0012b3857a5f'
	1317 :   OK                'Shape'                             OID '8805a150-02a6-11b3-b871-0012b3857a5f'
	1318 :   OK                'Shape'                             OID '880d5b70-02a6-11b3-b871-0012b3857a5f'
	1319 :   OK                'Shape'                             OID '880da15c-02a6-11b3-b871-0012b3857a5f'
	1320 :   OK                'Shape'                             OID '881c925c-02a6-11b3-b871-0012b3857a5f'
	1321 :   OK                'Shape'                             OID '881d1218-02a6-11b3-b871-0012b3857a5f'
	1322 :   OK                'Shape'                             OID '8823cd88-02a6-11b3-b871-0012b3857a5f'
	1323 :   OK                'Shape'                             OID '8824111c-02a6-11b3-b871-0012b3857a5f'
	1324 :   OK                'Shape'                             OID '882b6034-02a6-11b3-b871-0012b3857a5f'
	1325 :   OK                'Shape'                             OID '88310714-02a6-11b3-b871-0012b3857a5f'
	1326 :   OK                'Shape'                             OID '8842c6d4-02a6-11b3-b871-0012b3857a5f'
	1327 :   OK                'Shape'                             OID '884348e8-02a6-11b3-b871-0012b3857a5f'
	1328 :   OK                'Shape'                             OID '88436da0-02a6-11b3-b871-0012b3857a5f'
	1329 :   OK                'Shape'                             OID '884fcba4-02a6-11b3-b871-0012b3857a5f'
	1330 :   OK                'Shape'                             OID '88501dac-02a6-11b3-b871-0012b3857a5f'
	1331 :   OK                'Shape'                             OID '88572cb4-02a6-11b3-b871-0012b3857a5f'
	1332 :   OK                'Shape'                             OID '885c8704-02a6-11b3-b871-0012b3857a5f'
	1333 :   OK                'Shape'                             OID '88649390-02a6-11b3-b871-0012b3857a5f'
	1334 :   OK                'Shape'                             OID '8864d3a0-02a6-11b3-b871-0012b3857a5f'
	1335 :   OK                'Shape'                             OID '886a8c78-02a6-11b3-b871-0012b3857a5f'
	1336 :   OK                'Shape'                             OID '886abf40-02a6-11b3-b871-0012b3857a5f'
	1337 :   OK                'Shape'                             OID '88a431e4-02a6-11b3-b871-0012b3857a5f'
	1338 :   OK                'Shape'                             OID '88a4c208-02a6-11b3-b871-0012b3857a5f'
	1339 :   OK                'Shape'                             OID '88aaf77c-02a6-11b3-b871-0012b3857a5f'
	1340 :   OK                'Shape'                             OID '88ab3278-02a6-11b3-b871-0012b3857a5f'
	1341 :   OK                'Shape'                             OID '88b0fa8c-02a6-11b3-b871-0012b3857a5f'
	1342 :   OK                'Shape'                             OID '88ba0f8c-02a6-11b3-b871-0012b3857a5f'
	1343 :   OK                'Shape'                             OID '88c33cc4-02a6-11b3-b871-0012b3857a5f'
	1344 :   OK                'Shape'                             OID '88c38c74-02a6-11b3-b871-0012b3857a5f'
	1345 :   OK                'Shape'                             OID '88d2cf18-02a6-11b3-b871-0012b3857a5f'
	1346 :   OK                'Shape'                             OID '88d36a2c-02a6-11b3-b871-0012b3857a5f'
	1347 :   OK                'Shape'                             OID '88d38f48-02a6-11b3-b871-0012b3857a5f'
	1348 :   OK                'Shape'                             OID '88e0cd20-02a6-11b3-b871-0012b3857a5f'
	1349 :   OK                'Shape'                             OID '88e13760-02a6-11b3-b871-0012b3857a5f'
	1350 :   OK                'Shape'                             OID '88ee2c2c-02a6-11b3-b871-0012b3857a5f'
	1351 :   OK                'Shape'                             OID '88f9e10c-02a6-11b3-b871-0012b3857a5f'
	1352 :   OK                'Shape'                             OID '88fa2b44-02a6-11b3-b871-0012b3857a5f'
	1353 :   OK                'Shape'                             OID '8901f4a0-02a6-11b3-b871-0012b3857a5f'
	1354 :   OK                'Shape'                             OID '89025bc0-02a6-11b3-b871-0012b3857a5f'
	1355 :   OK                'Shape'                             OID '890e2e50-02a6-11b3-b871-0012b3857a5f'
	1356 :   OK                'Shape'                             OID '8919eb64-02a6-11b3-b871-0012b3857a5f'
	1357 :   OK                'Shape'                             OID '891a4730-02a6-11b3-b871-0012b3857a5f'
	1358 :   OK                'Shape'                             OID '8921424c-02a6-11b3-b871-0012b3857a5f'
	1359 :   OK                'Shape'                             OID '8928b680-02a6-11b3-b871-0012b3857a5f'
	1360 :   OK                'Shape'                             OID '8928f758-02a6-11b3-b871-0012b3857a5f'
	1361 :   OK                'Shape'                             OID '89380c48-02a6-11b3-b871-0012b3857a5f'
	1362 :   OK                'Shape'                             OID '89388434-02a6-11b3-b871-0012b3857a5f'
	1363 :   OK                'Shape'                             OID '8943c4ac-02a6-11b3-b871-0012b3857a5f'
	1364 :   OK                'Shape'                             OID '894407dc-02a6-11b3-b871-0012b3857a5f'
	1365 :   OK                'Shape'                             OID '89442654-02a6-11b3-b871-0012b3857a5f'
	1366 :   OK                'Shape'                             OID '8987fbf4-02a6-11b3-b871-0012b3857a5f'
	1367 :   OK                'Shape'                             OID '89889258-02a6-11b3-b871-0012b3857a5f'
	1368 :   OK                'Shape'                             OID '8988b904-02a6-11b3-b871-0012b3857a5f'
	1369 :   OK                'Shape'                             OID '8988da9c-02a6-11b3-b871-0012b3857a5f'
	1370 :   OK                'Shape'                             OID '89ac07b0-02a6-11b3-b871-0012b3857a5f'
	1371 :   OK                'Shape'                             OID '89ad285c-02a6-11b3-b871-0012b3857a5f'
	1372 :   OK                'Shape'                             OID '89ba8da8-02a6-11b3-b871-0012b3857a5f'
	1373 :   OK                'Shape'                             OID '89bb2024-02a6-11b3-b871-0012b3857a5f'
	1374 :   OK                'Shape'                             OID '89c55f94-02a6-11b3-b871-0012b3857a5f'
	1375 :   OK                'Shape'                             OID '89d51060-02a6-11b3-b871-0012b3857a5f'
	1376 :   OK                'Shape'                             OID '89d592d8-02a6-11b3-b871-0012b3857a5f'
	1377 :   OK                'Shape'                             OID '89e1ccec-02a6-11b3-b871-0012b3857a5f'
	1378 :   OK                'Shape'                             OID '89e225fc-02a6-11b3-b871-0012b3857a5f'
	1379 :   OK                'Shape'                             OID '89f44958-02a6-11b3-b871-0012b3857a5f'
	1380 :   OK                'Shape'                             OID '8a0d8904-02a6-11b3-b871-0012b3857a5f'
	1381 :   OK                'Shape'                             OID '8a0e2a58-02a6-11b3-b871-0012b3857a5f'
	1382 :   OK                'Shape'                             OID '8a19ee74-02a6-11b3-b871-0012b3857a5f'
	1383 :   OK                'Shape'                             OID '8a293d98-02a6-11b3-b871-0012b3857a5f'
	1384 :   OK                'Shape'                             OID '8a29a580-02a6-11b3-b871-0012b3857a5f'
	1385 :   OK                'Shape'                             OID '8a3f5768-02a6-11b3-b871-0012b3857a5f'
	1386 :   OK                'Shape'                             OID '8a3fc144-02a6-11b3-b871-0012b3857a5f'
	1387 :   OK                'Shape'                             OID '8a3feb10-02a6-11b3-b871-0012b3857a5f'
	1388 :   OK                'Shape'                             OID '8a48f4bc-02a6-11b3-b871-0012b3857a5f'
	1389 :   OK                'Shape'                             OID '8a493dc8-02a6-11b3-b871-0012b3857a5f'
	1390 :   OK                'Shape'                             OID '8a5528f4-02a6-11b3-b871-0012b3857a5f'
	1391 :   OK                'Shape'                             OID '8a557458-02a6-11b3-b871-0012b3857a5f'
	1392 :   OK                'Shape'                             OID '8a64d1f0-02a6-11b3-b871-0012b3857a5f'
	1393 :   OK                'Shape'                             OID '8a652c2c-02a6-11b3-b871-0012b3857a5f'
	1394 :   OK                'Shape'                             OID '8a6d4dd0-02a6-11b3-b871-0012b3857a5f'
	1395 :   OK                'Shape'                             OID '8a829960-02a6-11b3-b871-0012b3857a5f'
	1396 :   OK                'Shape'                             OID '8a831fc0-02a6-11b3-b871-0012b3857a5f'
	1397 :   OK                'Shape'                             OID '8a8345a4-02a6-11b3-b871-0012b3857a5f'
	1398 :   OK                'Shape'                             OID '8a8bf064-02a6-11b3-b871-0012b3857a5f'
	1399 :   OK                'Shape'                             OID '8a8c5400-02a6-11b3-b871-0012b3857a5f'
	1400 :   OK                'Shape'                             OID '8a93be0c-02a6-11b3-b871-0012b3857a5f'
	1401 :   OK                'Shape'                             OID '8a941b68-02a6-11b3-b871-0012b3857a5f'
	1402 :   OK                'Shape'                             OID '8aa1f6ac-02a6-11b3-b871-0012b3857a5f'
	1403 :   OK                'Shape'                             OID '8aa250e8-02a6-11b3-b871-0012b3857a5f'
	1404 :   OK                'Shape'                             OID '8aaecf58-02a6-11b3-b871-0012b3857a5f'
	1405 :   OK                'Shape'                             OID '8aaf58d8-02a6-11b3-b871-0012b3857a5f'
	1406 :   OK                'Shape'                             OID '8ac35798-02a6-11b3-b871-0012b3857a5f'
	1407 :   OK                'Shape'                             OID '8ac402b0-02a6-11b3-b871-0012b3857a5f'
	1408 :   OK                'Shape'                             OID '8adaf9fc-02a6-11b3-b871-0012b3857a5f'
	1409 :   OK                'Shape'                             OID '8ae51ce8-02a6-11b3-b871-0012b3857a5f'
	1410 :   OK                'Shape'                             OID '8ae58980-02a6-11b3-b871-0012b3857a5f'
	1411 :   OK                'Shape'                             OID '8ae5b478-02a6-11b3-b871-0012b3857a5f'
	1412 :   OK                'Shape'                             OID '8aef5230-02a6-11b3-b871-0012b3857a5f'
	1413 :   OK                'Shape'                             OID '8af7a570-02a6-11b3-b871-0012b3857a5f'
	1414 :   OK                'Shape'                             OID '8af7ed50-02a6-11b3-b871-0012b3857a5f'
	1415 :   OK                'Shape'                             OID '8b074444-02a6-11b3-b871-0012b3857a5f'
	1416 :   OK                'Shape'                             OID '8b0792c8-02a6-11b3-b871-0012b3857a5f'
	1417 :   OK                'Shape'                             OID '8b07bcf8-02a6-11b3-b871-0012b3857a5f'
	1418 :   OK                'Shape'                             OID '8b10d194-02a6-11b3-b871-0012b3857a5f'
	1419 :   OK                'Shape'                             OID '8b1a4fa8-02a6-11b3-b871-0012b3857a5f'
	1420 :   OK                'Shape'                             OID '8b1aa278-02a6-11b3-b871-0012b3857a5f'
	1421 :   OK                'Shape'                             OID '8b2477a8-02a6-11b3-b871-0012b3857a5f'
	1422 :   OK                'Shape'                             OID '8b303390-02a6-11b3-b871-0012b3857a5f'
	1423 :   OK                'Shape'                             OID '8b307210-02a6-11b3-b871-0012b3857a5f'
	1424 :   OK                'Shape'                             OID '8b3099e8-02a6-11b3-b871-0012b3857a5f'
	1425 :   OK                'Shape'                             OID '8b3fb130-02a6-11b3-b871-0012b3857a5f'
	1426 :   OK                'Shape'                             OID '8b3ffb68-02a6-11b3-b871-0012b3857a5f'
	1427 :   OK                'Shape'                             OID '8b4fd088-02a6-11b3-b871-0012b3857a5f'
	1428 :   OK                'Shape'                             OID '8b503294-02a6-11b3-b871-0012b3857a5f'
	1429 :   OK                'Shape'                             OID '8b505a6c-02a6-11b3-b871-0012b3857a5f'
	1430 :   OK                'Shape'                             OID '8b5b77bc-02a6-11b3-b871-0012b3857a5f'
	1431 :   OK                'Shape'                             OID '8b5bb4ac-02a6-11b3-b871-0012b3857a5f'
	1432 :   OK                'Shape'                             OID '8b6fac64-02a6-11b3-b871-0012b3857a5f'
	1433 :   OK                'Shape'                             OID '8b703b5c-02a6-11b3-b871-0012b3857a5f'
	1434 :   OK                'Shape'                             OID '8b7eff0c-02a6-11b3-b871-0012b3857a5f'
	1435 :   OK                'Shape'                             OID '8b7f4d2c-02a6-11b3-b871-0012b3857a5f'
	1436 :   OK                'Shape'                             OID '8b8b052c-02a6-11b3-b871-0012b3857a5f'
	1437 :   OK                'Shape'                             OID '8b8b4fc8-02a6-11b3-b871-0012b3857a5f'
	1438 :   OK                'Shape'                             OID '8b9a54b4-02a6-11b3-b871-0012b3857a5f'
	1439 :   OK                'Shape'                             OID '8b9ab530-02a6-11b3-b871-0012b3857a5f'
	1440 :   OK                'Shape'                             OID '8ba5dd70-02a6-11b3-b871-0012b3857a5f'
	1441 :   OK                'Shape'                             OID '8bb5ad18-02a6-11b3-b871-0012b3857a5f'
	1442 :   OK                'Shape'                             OID '8bb6130c-02a6-11b3-b871-0012b3857a5f'
	1443 :   OK                'Shape'                             OID '8bbdfa18-02a6-11b3-b871-0012b3857a5f'
	1444 :   OK                'Shape'                             OID '8bcb9d1c-02a6-11b3-b871-0012b3857a5f'
	1445 :   OK                'Shape'                             OID '8bcc2da4-02a6-11b3-b871-0012b3857a5f'
	1446 :   OK                'Shape'                             OID '8bcc51f8-02a6-11b3-b871-0012b3857a5f'
	1447 :   OK                'Shape'                             OID '8bddaa98-02a6-11b3-b871-0012b3857a5f'
	1448 :   OK                'Shape'                             OID '8bddf020-02a6-11b3-b871-0012b3857a5f'
	1449 :   OK                'Shape'                             OID '8be938cc-02a6-11b3-b871-0012b3857a5f'
	1450 :   OK                'Shape'                             OID '8be97fe4-02a6-11b3-b871-0012b3857a5f'
	1451 :   OK                'Shape'                             OID '8bf33ed0-02a6-11b3-b871-0012b3857a5f'
	1452 :   OK                'Shape'                             OID '8bf972b4-02a6-11b3-b871-0012b3857a5f'
	1453 :   OK                'Shape'                             OID '8bf9a518-02a6-11b3-b871-0012b3857a5f'
	1454 :   OK                'Shape'                             OID '8c0af200-02a6-11b3-b871-0012b3857a5f'
	1455 :   OK                'Shape'                             OID '8c115e24-02a6-11b3-b871-0012b3857a5f'
	1456 :   OK                'Shape'                             OID '8c1929d8-02a6-11b3-b871-0012b3857a5f'
	1457 :   OK                'Shape'                             OID '8c283310-02a6-11b3-b871-0012b3857a5f'
	1458 :   OK                'Shape'                             OID '8c35fc5c-02a6-11b3-b871-0012b3857a5f'
	1459 :   OK                'Shape'                             OID '8c3657c4-02a6-11b3-b871-0012b3857a5f'
	1460 :   OK                'Shape'                             OID '8c5027f8-02a6-11b3-b871-0012b3857a5f'
	1461 :   OK                'Shape'                             OID '8c5dc7dc-02a6-11b3-b871-0012b3857a5f'
	1462 :   OK                'Shape'                             OID '8c5e3604-02a6-11b3-b871-0012b3857a5f'
	1463 :   OK                'Shape'                             OID '8c5e65ac-02a6-11b3-b871-0012b3857a5f'
	1464 :   OK                'Shape'                             OID '8c6ddf64-02a6-11b3-b871-0012b3857a5f'
	1465 :   OK                'Shape'                             OID '8c6e4940-02a6-11b3-b871-0012b3857a5f'
	1466 :   OK                'Shape'                             OID '8c787b68-02a6-11b3-b871-0012b3857a5f'
	1467 :   OK                'Shape'                             OID '8c816764-02a6-11b3-b871-0012b3857a5f'
	1468 :   OK                'Shape'                             OID '8c81f404-02a6-11b3-b871-0012b3857a5f'
	1469 :   OK                'Shape'                             OID '8c8f4ba4-02a6-11b3-b871-0012b3857a5f'
	1470 :   OK                'Shape'                             OID '8c8fb774-02a6-11b3-b871-0012b3857a5f'
	1471 :   OK                'Shape'                             OID '2fdbe1d0-02bd-11b3-b871-0012b3857a5f'
	1472 :   OK                'Shape'                             OID '2fe39740-02bd-11b3-b871-0012b3857a5f'
	1473 :   OK                'Shape'                             OID '2febe634-02bd-11b3-b871-0012b3857a5f'
	1474 :   OK                'Shape'                             OID '2ff6234c-02bd-11b3-b871-0012b3857a5f'
	1475 :   OK                'Shape'                             OID '2ffbce14-02bd-11b3-b871-0012b3857a5f'
	1476 :   OK                'Shape'                             OID '300032b0-02bd-11b3-b871-0012b3857a5f'
	1477 :   OK                'Shape'                             OID '3004bad8-02bd-11b3-b871-0012b3857a5f'
	1478 :   OK                'Shape'                             OID '300aaa60-02bd-11b3-b871-0012b3857a5f'
	1479 :   OK                'Shape'                             OID '30106bd0-02bd-11b3-b871-0012b3857a5f'
	1480 :   OK                'Shape'                             OID '3017a9b8-02bd-11b3-b871-0012b3857a5f'
	1481 :   OK                'Shape'                             OID '301c6e08-02bd-11b3-b871-0012b3857a5f'
	1482 :   OK                'Shape'                             OID '30289ebc-02bd-11b3-b871-0012b3857a5f'
	1483 :   OK                'Shape'                             OID '302d7630-02bd-11b3-b871-0012b3857a5f'
	1484 :   OK                'Shape'                             OID '30326e10-02bd-11b3-b871-0012b3857a5f'
	1485 :   OK                'Shape'                             OID '3036ad90-02bd-11b3-b871-0012b3857a5f'
	1486 :   OK                'Shape'                             OID '304e989c-02bd-11b3-b871-0012b3857a5f'
	1487 :   OK                'Shape'                             OID '3054ebc0-02bd-11b3-b871-0012b3857a5f'
	1488 :   OK                'Shape'                             OID '305be164-02bd-11b3-b871-0012b3857a5f'
	1489 :   OK                'Shape'                             OID '306873c0-02bd-11b3-b871-0012b3857a5f'
	1490 :   OK                'Shape'                             OID '30aecc58-02bd-11b3-b871-0012b3857a5f'
	1491 :   OK                'Shape'                             OID '30c1c2a4-02bd-11b3-b871-0012b3857a5f'
	1492 :   OK                'Shape'                             OID '30c62484-02bd-11b3-b871-0012b3857a5f'
	1493 :   OK                'Shape'                             OID '30c99240-02bd-11b3-b871-0012b3857a5f'
	1494 :   OK                'Shape'                             OID '30cdf614-02bd-11b3-b871-0012b3857a5f'
	1495 :   OK                'Shape'                             OID '30d6ba9c-02bd-11b3-b871-0012b3857a5f'
	1496 :   OK                'Shape'                             OID '30e17644-02bd-11b3-b871-0012b3857a5f'
	1497 :   OK                'Shape'                             OID '30ead900-02bd-11b3-b871-0012b3857a5f'
	1498 :   OK                'Shape'                             OID '30f5c130-02bd-11b3-b871-0012b3857a5f'
	1499 :   OK                'Shape'                             OID '30fe33b0-02bd-11b3-b871-0012b3857a5f'
	1500 :   OK                'Shape'                             OID '31024e78-02bd-11b3-b871-0012b3857a5f'
	1501 :   OK                'Shape'                             OID '3106ba1c-02bd-11b3-b871-0012b3857a5f'
	1502 :   OK                'Shape'                             OID '310baaf4-02bd-11b3-b871-0012b3857a5f'
	1503 :   OK                'Shape'                             OID '3112dcc0-02bd-11b3-b871-0012b3857a5f'
	1504 :   OK                'Shape'                             OID '311980c0-02bd-11b3-b871-0012b3857a5f'
	1505 :   OK                'Shape'                             OID '311e65e0-02bd-11b3-b871-0012b3857a5f'
	1506 :   OK                'Shape'                             OID '31233a98-02bd-11b3-b871-0012b3857a5f'
	1507 :   OK                'Shape'                             OID '312ca970-02bd-11b3-b871-0012b3857a5f'
	1508 :   OK                'Shape'                             OID '3135b0c4-02bd-11b3-b871-0012b3857a5f'
	1509 :   OK                'Shape'                             OID '313b7f7c-02bd-11b3-b871-0012b3857a5f'
	1510 :   OK                'Shape'                             OID '313fbe98-02bd-11b3-b871-0012b3857a5f'
	1511 :   OK                'Shape'                             OID '31446088-02bd-11b3-b871-0012b3857a5f'
	1512 :   OK                'Shape'                             OID '31498b30-02bd-11b3-b871-0012b3857a5f'
	1513 :   OK                'Shape'                             OID '315a68c4-02bd-11b3-b871-0012b3857a5f'
	1514 :   OK                'Shape'                             OID '31681460-02bd-11b3-b871-0012b3857a5f'
	1515 :   OK                'Shape'                             OID '316d86e8-02bd-11b3-b871-0012b3857a5f'
	1516 :   OK                'Shape'                             OID '3172e520-02bd-11b3-b871-0012b3857a5f'
	1517 :   OK                'Shape'                             OID '3179cd7c-02bd-11b3-b871-0012b3857a5f'
	1518 :   OK                'Shape'                             OID '31800d18-02bd-11b3-b871-0012b3857a5f'
	1519 :   OK                'Shape'                             OID '3187733c-02bd-11b3-b871-0012b3857a5f'
	1520 :   OK                'Shape'                             OID '318c265c-02bd-11b3-b871-0012b3857a5f'
	1521 :   OK                'Shape'                             OID '3190c590-02bd-11b3-b871-0012b3857a5f'
	1522 :   OK                'Shape'                             OID '31970cfc-02bd-11b3-b871-0012b3857a5f'
	1523 :   OK                'Shape'                             OID '31a5e7b8-02bd-11b3-b871-0012b3857a5f'
	1524 :   OK                'Shape'                             OID '31ad0c3c-02bd-11b3-b871-0012b3857a5f'
	1525 :   OK                'Shape'                             OID '31b20f70-02bd-11b3-b871-0012b3857a5f'
	1526 :   OK                'Shape'                             OID '4963668c-02e0-11b3-b871-0012b3857a5f'
	1527 :   OK                'Shape'                             OID '49641dc0-02e0-11b3-b871-0012b3857a5f'
	1528 :   OK                'Shape'                             OID '49644dcc-02e0-11b3-b871-0012b3857a5f'
	1529 :   OK                'Shape'                             OID '49646dd4-02e0-11b3-b871-0012b3857a5f'
	1530 :   OK                'Shape'                             OID '4989764c-02e0-11b3-b871-0012b3857a5f'
	1531 :   OK                'Shape'                             OID '498a01c0-02e0-11b3-b871-0012b3857a5f'
	1532 :   OK                'Shape'                             OID '498a2934-02e0-11b3-b871-0012b3857a5f'
	1533 :   OK                'Shape'                             OID '498a4bf8-02e0-11b3-b871-0012b3857a5f'
	1534 :   OK                'Shape'                             OID '498a6a0c-02e0-11b3-b871-0012b3857a5f'
	1535 :   OK                'Shape'                             OID '498a8a14-02e0-11b3-b871-0012b3857a5f'
	1536 :   OK                'Shape'                             OID '498aa828-02e0-11b3-b871-0012b3857a5f'
	1537 :   OK                'Shape'                             OID '49afc2fc-02e0-11b3-b871-0012b3857a5f'
	1538 :   OK                'Shape'                             OID '49b074b8-02e0-11b3-b871-0012b3857a5f'
	1539 :   OK                'Shape'                             OID '49b0a208-02e0-11b3-b871-0012b3857a5f'
	1540 :   OK                'Shape'                             OID '49b0c4cc-02e0-11b3-b871-0012b3857a5f'
	1541 :   OK                'Shape'                             OID '49bdd6e4-02e0-11b3-b871-0012b3857a5f'
	1542 :   OK                'Shape'                             OID '49be37c4-02e0-11b3-b871-0012b3857a5f'
	1543 :   OK                'Shape'                             OID '49be595c-02e0-11b3-b871-0012b3857a5f'
	1544 :   OK                'Shape'                             OID '49be77d4-02e0-11b3-b871-0012b3857a5f'
	1545 :   OK                'Shape'                             OID '49c871bc-02e0-11b3-b871-0012b3857a5f'
	1546 :   OK                'Shape'                             OID '49c8b870-02e0-11b3-b871-0012b3857a5f'
	1547 :   OK                'Shape'                             OID '49c8d5bc-02e0-11b3-b871-0012b3857a5f'
	1548 :   OK                'Shape'                             OID '49c8f628-02e0-11b3-b871-0012b3857a5f'
	1549 :   OK                'Shape'                             OID '49dab32c-02e0-11b3-b871-0012b3857a5f'
	1550 :   OK                'Shape'                             OID '49db4ea4-02e0-11b3-b871-0012b3857a5f'
	1551 :   OK                'Shape'                             OID '49db8b30-02e0-11b3-b871-0012b3857a5f'
	1552 :   OK                'Shape'                             OID '49dbb114-02e0-11b3-b871-0012b3857a5f'
	1553 :   OK                'Shape'                             OID '49dbd950-02e0-11b3-b871-0012b3857a5f'
	1554 :   OK                'Shape'                             OID '49e8d6b4-02e0-11b3-b871-0012b3857a5f'
	1555 :   OK                'Shape'                             OID '49e93410-02e0-11b3-b871-0012b3857a5f'
	1556 :   OK                'Shape'                             OID '49e9579c-02e0-11b3-b871-0012b3857a5f'
	1557 :   OK                'Shape'                             OID '49e97a60-02e0-11b3-b871-0012b3857a5f'
	1558 :   OK                'Shape'                             OID '49f88a3c-02e0-11b3-b871-0012b3857a5f'
	1559 :   OK                'Shape'                             OID '49f964fc-02e0-11b3-b871-0012b3857a5f'
	1560 :   OK                'Shape'                             OID '49f991e8-02e0-11b3-b871-0012b3857a5f'
	1561 :   OK                'Shape'                             OID '49f9b4ac-02e0-11b3-b871-0012b3857a5f'
	1562 :   OK                'Shape'                             OID '49f9d2c0-02e0-11b3-b871-0012b3857a5f'
	1563 :   OK                'Shape'                             OID '4a08ac50-02e0-11b3-b871-0012b3857a5f'
	1564 :   OK                'Shape'                             OID '4a0936fc-02e0-11b3-b871-0012b3857a5f'
	1565 :   OK                'Shape'                             OID '4a3f4544-02e0-11b3-b871-0012b3857a5f'
	1566 :   OK                'Shape'                             OID '4a3fcd34-02e0-11b3-b871-0012b3857a5f'
	1567 :   OK                'Shape'                             OID '4a3ff764-02e0-11b3-b871-0012b3857a5f'
	1568 :   OK                'Shape'                             OID '4a401640-02e0-11b3-b871-0012b3857a5f'
	1569 :   OK                'Shape'                             OID '4a4a0a4c-02e0-11b3-b871-0012b3857a5f'
	1570 :   OK                'Shape'                             OID '4a4a4610-02e0-11b3-b871-0012b3857a5f'
	1571 :   OK                'Shape'                             OID '4a4a65b4-02e0-11b3-b871-0012b3857a5f'
	1572 :   OK                'Shape'                             OID '4a4a7fe0-02e0-11b3-b871-0012b3857a5f'
	1573 :   OK                'Shape'                             OID '4a530458-02e0-11b3-b871-0012b3857a5f'
	1574 :   OK                'Shape'                             OID '4a5345f8-02e0-11b3-b871-0012b3857a5f'
	1575 :   OK                'Shape'                             OID '4a537794-02e0-11b3-b871-0012b3857a5f'
	1576 :   OK                'Shape'                             OID '4a5393b4-02e0-11b3-b871-0012b3857a5f'
	1577 :   OK                'Shape'                             OID '4a5fbfb8-02e0-11b3-b871-0012b3857a5f'
	1578 :   OK                'Shape'                             OID '4a600414-02e0-11b3-b871-0012b3857a5f'
	1579 :   OK                'Shape'                             OID '4a602868-02e0-11b3-b871-0012b3857a5f'
	1580 :   OK                'Shape'                             OID '4a606eb8-02e0-11b3-b871-0012b3857a5f'
	1581 :   OK                'Shape'                             OID '4a69602c-02e0-11b3-b871-0012b3857a5f'
	1582 :   OK                'Shape'                             OID '4a699998-02e0-11b3-b871-0012b3857a5f'
	1583 :   OK                'Shape'                             OID '4a69b6e4-02e0-11b3-b871-0012b3857a5f'
	1584 :   OK                'Shape'                             OID '4a69d368-02e0-11b3-b871-0012b3857a5f'
	1585 :   OK                'Shape'                             OID '4a7367c0-02e0-11b3-b871-0012b3857a5f'
	1586 :   OK                'Shape'                             OID '4a73a5dc-02e0-11b3-b871-0012b3857a5f'
	1587 :   OK                'Shape'                             OID '4a73c3f0-02e0-11b3-b871-0012b3857a5f'
	1588 :   OK                'Shape'                             OID '4a73de1c-02e0-11b3-b871-0012b3857a5f'
	1589 :   OK                'Shape'                             OID '4a73fc30-02e0-11b3-b871-0012b3857a5f'
	1590 :   OK                'Shape'                             OID '4a7c8df0-02e0-11b3-b871-0012b3857a5f'
	1591 :   OK                'Shape'                             OID '4a7cef98-02e0-11b3-b871-0012b3857a5f'
	1592 :   OK                'Shape'                             OID '4a7d1004-02e0-11b3-b871-0012b3857a5f'
	1593 :   OK                'Shape'                             OID '4a7d2cec-02e0-11b3-b871-0012b3857a5f'
	1594 :   OK                'Shape'                             OID '4a7d477c-02e0-11b3-b871-0012b3857a5f'
	1595 :   OK                'Shape'                             OID '4a88b224-02e0-11b3-b871-0012b3857a5f'
	1596 :   OK                'Shape'                             OID '4a88fdec-02e0-11b3-b871-0012b3857a5f'
	1597 :   OK                'Shape'                             OID '4a891df4-02e0-11b3-b871-0012b3857a5f'
	1598 :   OK                'Shape'                             OID '4a8938e8-02e0-11b3-b871-0012b3857a5f'
	1599 :   OK                'Shape'                             OID '4a91fd70-02e0-11b3-b871-0012b3857a5f'
	1600 :   OK                'Shape'                             OID '4a9267b0-02e0-11b3-b871-0012b3857a5f'
	1601 :   OK                'Shape'                             OID '4a92881c-02e0-11b3-b871-0012b3857a5f'
	1602 :   OK                'Shape'                             OID '4a9cd8bc-02e0-11b3-b871-0012b3857a5f'
	1603 :   OK                'Shape'                             OID '4a9d3294-02e0-11b3-b871-0012b3857a5f'
	1604 :   OK                'Shape'                             OID '4a9d542c-02e0-11b3-b871-0012b3857a5f'
	1605 :   OK                'Shape'                             OID '4a9d7c68-02e0-11b3-b871-0012b3857a5f'
	1606 :   OK                'Shape'                             OID '4ab2690c-02e0-11b3-b871-0012b3857a5f'
	1607 :   OK                'Shape'                             OID '4ab2c5a0-02e0-11b3-b871-0012b3857a5f'
	1608 :   OK                'Shape'                             OID '4ab2e800-02e0-11b3-b871-0012b3857a5f'
	1609 :   OK                'Shape'                             OID '4ab30358-02e0-11b3-b871-0012b3857a5f'
	1610 :   OK                'Shape'                             OID '4ae1ffdc-02e0-11b3-b871-0012b3857a5f'
	1611 :   OK                'Shape'                             OID '4ae29a8c-02e0-11b3-b871-0012b3857a5f'
	1612 :   OK                'Shape'                             OID '4ae2c2c8-02e0-11b3-b871-0012b3857a5f'
	1613 :   OK                'Shape'                             OID '4ae2e528-02e0-11b3-b871-0012b3857a5f'
	1614 :   OK                'Shape'                             OID '4af0210c-02e0-11b3-b871-0012b3857a5f'
	1615 :   OK                'Shape'                             OID '4af093e4-02e0-11b3-b871-0012b3857a5f'
	1616 :   OK                'Shape'                             OID '4af0bc20-02e0-11b3-b871-0012b3857a5f'
	1617 :   OK                'Shape'                             OID '4af0d9d0-02e0-11b3-b871-0012b3857a5f'
	1618 :   OK                'Shape'                             OID '4afcb7b4-02e0-11b3-b871-0012b3857a5f'
	1619 :   OK                'Shape'                             OID '4afcfda0-02e0-11b3-b871-0012b3857a5f'
	1620 :   OK                'Shape'                             OID '4afd1ce0-02e0-11b3-b871-0012b3857a5f'
	1621 :   OK                'Shape'                             OID '4afd39c8-02e0-11b3-b871-0012b3857a5f'
	1622 :   OK                'Shape'                             OID '4afd532c-02e0-11b3-b871-0012b3857a5f'
	1623 :   OK                'Shape'                             OID '4afd98b4-02e0-11b3-b871-0012b3857a5f'
	1624 :   OK                'Shape'                             OID '4b098188-02e0-11b3-b871-0012b3857a5f'
	1625 :   OK                'Shape'                             OID '4b09c774-02e0-11b3-b871-0012b3857a5f'
	1626 :   OK                'Shape'                             OID '4b09e844-02e0-11b3-b871-0012b3857a5f'
	1627 :   OK                'Shape'                             OID '4b0a04c8-02e0-11b3-b871-0012b3857a5f'
	1628 :   OK                'Shape'                             OID '4b0a2340-02e0-11b3-b871-0012b3857a5f'
	1629 :   OK                'Shape'                             OID '4b1e3e20-02e0-11b3-b871-0012b3857a5f'
	1630 :   OK                'Shape'                             OID '4b1e99ec-02e0-11b3-b871-0012b3857a5f'
	1631 :   OK                'Shape'                             OID '4b1ebea4-02e0-11b3-b871-0012b3857a5f'
	1632 :   OK                'Shape'                             OID '4b1edcb8-02e0-11b3-b871-0012b3857a5f'
	1633 :   OK                'Shape'                             OID '4b1ef554-02e0-11b3-b871-0012b3857a5f'
	1634 :   OK                'Shape'                             OID '4b28a374-02e0-11b3-b871-0012b3857a5f'
	1635 :   OK                'Shape'                             OID '4b28ee74-02e0-11b3-b871-0012b3857a5f'
	1636 :   OK                'Shape'                             OID '4b2910d4-02e0-11b3-b871-0012b3857a5f'
	1637 :   OK                'Shape'                             OID '4b313bd8-02e0-11b3-b871-0012b3857a5f'
	1638 :   OK                'Shape'                             OID '4b317ea4-02e0-11b3-b871-0012b3857a5f'
	1639 :   OK                'Shape'                             OID '4b31a99c-02e0-11b3-b871-0012b3857a5f'
	1640 :   OK                'Shape'                             OID '4b31c878-02e0-11b3-b871-0012b3857a5f'
	1641 :   OK                'Shape'                             OID '4b39e56c-02e0-11b3-b871-0012b3857a5f'
	1642 :   OK                'Shape'                             OID '4b3a2130-02e0-11b3-b871-0012b3857a5f'
	1643 :   OK                'Shape'                             OID '4b3a42c8-02e0-11b3-b871-0012b3857a5f'
	1644 :   OK                'Shape'                             OID '4b3a6140-02e0-11b3-b871-0012b3857a5f'
	1645 :   OK                'Shape'                             OID '4b42ba5c-02e0-11b3-b871-0012b3857a5f'
	1646 :   OK                'Shape'                             OID '4b42f8dc-02e0-11b3-b871-0012b3857a5f'
	1647 :   OK                'Shape'                             OID '4b431948-02e0-11b3-b871-0012b3857a5f'
	1648 :   OK                'Shape'                             OID '4b4c2808-02e0-11b3-b871-0012b3857a5f'
	1649 :   OK                'Shape'                             OID '4b4c6110-02e0-11b3-b871-0012b3857a5f'
	1650 :   OK                'Shape'                             OID '4b4c817c-02e0-11b3-b871-0012b3857a5f'
	1651 :   OK                'Shape'                             OID '4b4c9ec8-02e0-11b3-b871-0012b3857a5f'
	1652 :   OK                'Shape'                             OID '4b554730-02e0-11b3-b871-0012b3857a5f'
	1653 :   OK                'Shape'                             OID '4b558bf0-02e0-11b3-b871-0012b3857a5f'
	1654 :   OK                'Shape'                             OID '4b55a9a0-02e0-11b3-b871-0012b3857a5f'
	1655 :   OK                'Shape'                             OID '4b55e94c-02e0-11b3-b871-0012b3857a5f'
	1656 :   OK                'Shape'                             OID '4b632530-02e0-11b3-b871-0012b3857a5f'
	1657 :   OK                'Shape'                             OID '4b63841c-02e0-11b3-b871-0012b3857a5f'
	1658 :   OK                'Shape'                             OID '4b63ad84-02e0-11b3-b871-0012b3857a5f'
	1659 :   OK                'Shape'                             OID '4b63d2a0-02e0-11b3-b871-0012b3857a5f'
	1660 :   OK                'Shape'                             OID '4b6461fc-02e0-11b3-b871-0012b3857a5f'
	1661 :   OK                'Shape'                             OID '4b71239c-02e0-11b3-b871-0012b3857a5f'
	1662 :   OK                'Shape'                             OID '4b7182ec-02e0-11b3-b871-0012b3857a5f'
	1663 :   OK                'Shape'                             OID '4b71ad80-02e0-11b3-b871-0012b3857a5f'
	1664 :   OK                'Shape'                             OID '4b88c8bc-02e0-11b3-b871-0012b3857a5f'
	1665 :   OK                'Shape'                             OID '4b893c5c-02e0-11b3-b871-0012b3857a5f'
	1666 :   OK                'Shape'                             OID '4b896a10-02e0-11b3-b871-0012b3857a5f'
	1667 :   OK                'Shape'                             OID '4b899058-02e0-11b3-b871-0012b3857a5f'
	1668 :   OK                'Shape'                             OID '4b89b3e4-02e0-11b3-b871-0012b3857a5f'
	1669 :   OK                'Shape'                             OID '4b89d518-02e0-11b3-b871-0012b3857a5f'
	1670 :   OK                'Shape'                             OID '4b89f714-02e0-11b3-b871-0012b3857a5f'
	1671 :   OK                'Shape'                             OID '4b9a2544-02e0-11b3-b871-0012b3857a5f'
	1672 :   OK                'Shape'                             OID '4b9a8430-02e0-11b3-b871-0012b3857a5f'
	1673 :   OK                'Shape'                             OID '4b9ad2b4-02e0-11b3-b871-0012b3857a5f'
	1674 :   OK                'Shape'                             OID '4b9afa8c-02e0-11b3-b871-0012b3857a5f'
	1675 :   OK                'Shape'                             OID '4b9b2200-02e0-11b3-b871-0012b3857a5f'
	1676 :   OK                'Shape'                             OID '4b9b46b8-02e0-11b3-b871-0012b3857a5f'
	1677 :   OK                'Shape'                             OID '4b9b6ef4-02e0-11b3-b871-0012b3857a5f'
	1678 :   OK                'Shape'                             OID '4bb1f9a8-02e0-11b3-b871-0012b3857a5f'
	1679 :   OK                'Shape'                             OID '4bb25448-02e0-11b3-b871-0012b3857a5f'
	1680 :   OK                'Shape'                             OID '4bb27964-02e0-11b3-b871-0012b3857a5f'
	1681 :   OK                'Shape'                             OID '4bb29a34-02e0-11b3-b871-0012b3857a5f'
	1682 :   OK                'Shape'                             OID '4bb2bfb4-02e0-11b3-b871-0012b3857a5f'
	1683 :   OK                'Shape'                             OID '4bb2e5fc-02e0-11b3-b871-0012b3857a5f'
	1684 :   OK                'Shape'                             OID '4bb309ec-02e0-11b3-b871-0012b3857a5f'
	1685 :   OK                'Shape'                             OID '4bc795b0-02e0-11b3-b871-0012b3857a5f'
	1686 :   OK                'Shape'                             OID '4bc7f6f4-02e0-11b3-b871-0012b3857a5f'
	1687 :   OK                'Shape'                             OID '4bc824a8-02e0-11b3-b871-0012b3857a5f'
	1688 :   OK                'Shape'                             OID '4bc84c1c-02e0-11b3-b871-0012b3857a5f'
	1689 :   OK                'Shape'                             OID '4bd88604-02e0-11b3-b871-0012b3857a5f'
	1690 :   OK                'Shape'                             OID '4bd8df14-02e0-11b3-b871-0012b3857a5f'
	1691 :   OK                'Shape'                             OID '4bd90df4-02e0-11b3-b871-0012b3857a5f'
	1692 :   OK                'Shape'                             OID '4bd93630-02e0-11b3-b871-0012b3857a5f'
	1693 :   OK                'Shape'                             OID '4bd95e08-02e0-11b3-b871-0012b3857a5f'
	1694 :   OK                'Shape'                             OID '4be0ed94-02e0-11b3-b871-0012b3857a5f'
	1695 :   OK                'Shape'                             OID '4be13380-02e0-11b3-b871-0012b3857a5f'
	1696 :   OK                'Shape'                             OID '4be15518-02e0-11b3-b871-0012b3857a5f'
	1697 :   OK                'Shape'                             OID '4be1796c-02e0-11b3-b871-0012b3857a5f'
	1698 :   OK                'Shape'                             OID '4bf771a4-02e0-11b3-b871-0012b3857a5f'
	1699 :   OK                'Shape'                             OID '4bf7ed14-02e0-11b3-b871-0012b3857a5f'
	1700 :   OK                'Shape'                             OID '4bf8103c-02e0-11b3-b871-0012b3857a5f'
	1701 :   OK                'Shape'                             OID '4bf83814-02e0-11b3-b871-0012b3857a5f'
	1702 :   OK                'Shape'                             OID '4bf857b8-02e0-11b3-b871-0012b3857a5f'
	1703 :   OK                'Shape'                             OID '4bf870b8-02e0-11b3-b871-0012b3857a5f'
	1704 :   OK                'Shape'                             OID '4c091864-02e0-11b3-b871-0012b3857a5f'
	1705 :   OK                'Shape'                             OID '4c0990b4-02e0-11b3-b871-0012b3857a5f'
	1706 :   OK                'Shape'                             OID '4c09b6fc-02e0-11b3-b871-0012b3857a5f'
	1707 :   OK                'Shape'                             OID '4c09dce0-02e0-11b3-b871-0012b3857a5f'
	1708 :   OK                'Shape'                             OID '4c09fc20-02e0-11b3-b871-0012b3857a5f'
	1709 :   OK                'Shape'                             OID '4c182ee4-02e0-11b3-b871-0012b3857a5f'
	1710 :   OK                'Shape'                             OID '4c1884d4-02e0-11b3-b871-0012b3857a5f'
	1711 :   OK                'Shape'                             OID '4c18a478-02e0-11b3-b871-0012b3857a5f'
	1712 :   OK                'Shape'                             OID '4c18c354-02e0-11b3-b871-0012b3857a5f'
	1713 :   OK                'Shape'                             OID '7586bf5c-02f9-11b3-b871-0012b3857a5f'
	1714 :   OK                'Shape'                             OID 'abfd9f1c-0310-11b3-b871-0012b3857a5f'
	1715 :   OK                'Shape'                             OID '1b7ed448-0332-11b3-b871-0012b3857a5f'
	1716 :   OK                'Shape'                             OID '129afbfc-03cf-11b3-b871-0012b3857a5f'



Files created:
	'casas demo_0.fbx':
		Initial shapes:
			0, 1, 2, 3, 4, 5, 6, 7, 8, 9, 10, 11, 12, 13, 14, 15, 16, 17, 18, 19, 20, 21, 22, 23, 24, 25, 26, 27, 28, 29, 30, 31, 32, 33, 34, 35, 36, 37, 38, 39, 40, 41, 42, 43, 44, 45, 46, 47, 48, 49, 50, 51, 52, 53, 54, 55, 56, 57, 58, 59, 60, 61, 62, 63, 64, 65, 66, 67, 68, 69, 70, 71, 72, 73, 74, 75, 76, 77, 78, 79, 80, 81, 82, 83, 84, 85, 86, 87, 88, 89, 90, 91, 92, 93, 94, 95, 96, 97, 98, 99, 100, 101, 102, 103, 104, 105, 106, 107, 108, 109, 110, 111, 112, 113, 114, 115, 116, 117, 118, 119, 120, 121, 122, 123, 124, 125, 126, 127, 128, 129, 130, 131, 132, 133, 134, 135, 136, 137, 138, 139, 140, 141, 142, 143, 144, 145, 146, 147, 148, 149, 150, 151, 152, 153, 154, 155, 156, 157, 158, 159, 160, 161, 162, 163, 164, 165, 166, 167, 168, 169, 170, 171, 172, 173, 174, 175, 176, 177, 178, 179, 180, 181, 182, 183, 184, 185, 186, 187, 188, 189, 190, 191, 192, 193, 194, 195, 196, 197, 198, 199, 200, 201, 202, 203, 204, 205, 206, 207, 208, 209, 210, 211, 212, 213, 214, 215, 216, 217, 218, 219, 220, 221, 222, 223, 224, 225, 226, 227, 228, 229, 230, 231, 232, 233, 234, 235, 236, 237, 238, 239, 240, 241, 242, 243, 244, 245, 246, 247, 248, 249, 250, 251, 252, 253, 254, 255, 256, 257, 258, 259, 260, 261, 262, 263, 264, 265, 266, 267, 268, 269, 270, 271, 272, 273, 274, 275, 276, 277, 278, 279, 280, 281, 282, 283, 284, 285, 286, 287, 288, 289, 290, 291, 292, 293, 294, 295, 296, 297, 298, 299, 300, 301, 302, 303, 304, 305, 306, 307, 308, 309, 310, 311, 312, 313, 314, 315, 316, 317, 318, 319, 320, 321, 322, 323, 324, 325, 326, 327, 328, 329, 330, 331, 332, 333, 334, 335, 336, 337, 338, 339, 340, 341, 342, 343, 344, 345, 346, 347, 348, 349, 350, 351, 352, 353, 354, 355, 356, 357, 358, 359, 360, 361, 362, 363, 364, 365, 366, 367, 368, 369, 370, 371, 372, 373, 374, 375, 376, 377, 378, 379, 380, 381, 382, 383, 384, 385, 386, 387, 388, 389, 390, 391, 392, 393, 394, 395, 396, 397, 398, 399, 400, 401, 402, 403, 404, 405, 406, 407, 408, 409, 410, 411, 412, 413, 414, 415, 416, 417, 418, 419, 420, 421, 422, 423, 424, 425, 426, 427, 428, 429, 430, 431, 432, 433, 434, 435, 436, 437, 438, 439, 440, 441, 442, 443, 444, 445, 446, 447, 448, 449, 450, 451, 452, 453, 454, 455, 456, 457, 458, 459, 460, 461, 462, 463, 464, 465, 466, 467, 468, 469, 470, 471, 472, 473, 474, 475, 476, 477, 478, 479, 480, 481, 482, 483, 484, 485, 486, 487, 488, 489, 490, 491, 492, 493, 494, 495, 496, 497, 498, 499, 500, 501, 502, 503, 504, 505, 506, 507, 508, 509, 510, 511, 512, 513, 514, 515, 516, 517, 518, 519, 520, 521, 522, 523, 524, 525, 526, 527, 528, 529, 530, 531, 532, 533, 534, 535, 536, 537, 538, 539, 540, 541, 542, 543, 544, 545, 546, 547, 548, 549, 550, 551, 552, 553, 554, 555, 556, 557, 558, 559, 560, 561, 562, 563, 564, 565, 566, 567, 568, 569, 570, 571, 572, 573, 574, 575, 576, 577, 578, 579, 580, 581, 582, 583, 584, 585, 586, 587, 588, 589, 590, 591, 592, 593, 594, 595, 596, 597, 598, 599, 600, 601, 602, 603, 604, 605, 606, 607, 608, 609, 610, 611, 612, 613, 614, 615, 616, 617, 618, 619, 620, 621, 622, 623, 624, 625, 626, 627, 628, 629, 630, 631, 632, 633, 634, 635, 636, 637, 638, 639, 640, 641, 642, 643, 644, 645, 646, 647, 648, 649, 650, 651, 652, 653, 654, 655, 656, 657, 658, 659, 660, 661, 662, 663, 664, 665, 666, 667, 668, 669, 670, 671, 672, 673, 674, 675, 676, 677, 678, 679, 680, 681, 682, 683, 684, 685, 686, 687, 688, 689, 690, 691, 692, 693, 694, 695, 696, 697, 698, 699, 700, 701, 702, 703, 704, 705, 706, 707, 708, 709, 710, 711, 712, 713, 714, 715, 716, 717, 718, 719, 720, 721, 722, 723, 724, 725, 726, 727, 728, 729, 730, 731, 732, 733, 734, 735, 736, 737, 738, 739, 740, 741, 742, 743, 744, 745, 746, 747, 748, 749, 750, 751, 752, 753, 754, 755, 756, 757, 758, 759, 760, 761, 762, 763, 764, 765, 766, 767, 768, 769, 770, 771, 772, 773, 774, 775, 776, 777, 778, 779, 780, 781, 782, 783, 784, 785, 786, 787, 788, 789, 790, 791, 792, 793, 794, 795, 796, 797, 798, 799, 800, 801, 802, 803, 804, 805, 806, 807, 808, 809, 810, 811, 812, 813, 814, 815, 816, 817, 818, 819, 820, 821, 822, 823, 824, 825, 826, 827, 828, 829, 830, 831, 832, 833, 834, 835, 836, 837, 838, 839, 840, 841, 842, 843, 844, 845, 846, 847, 848, 849, 850, 851, 852, 853, 854, 855, 856, 857, 858, 859, 860, 861, 862, 863, 864, 865, 866, 867, 868, 869, 870, 871, 872, 873, 874, 875, 876, 877, 878, 879, 880, 881, 882, 883, 884, 885, 886, 887, 888, 889, 890, 891, 892, 893, 894, 895, 896, 897, 898, 899, 900, 901, 902, 903, 904, 905, 906, 907, 908, 909, 910, 911, 912, 913, 914, 915, 916, 917, 918, 919, 920, 921, 922, 923, 924, 925, 926, 927, 928, 929, 930, 931, 932, 933, 934, 935, 936, 937, 938, 939, 940, 941, 942, 943, 944, 945, 946, 947, 948, 949, 950, 951, 952, 953, 954, 955, 956, 957, 958, 959, 960, 961, 962, 963, 964, 965, 966, 967, 968, 969, 970, 971, 972, 973, 974, 975, 976, 977, 978, 979, 980, 981, 982, 983, 984, 985, 986, 987, 988, 989, 990, 991, 992, 993, 994, 995, 996, 997, 998, 999, 1000, 1001, 1002, 1003, 1004, 1005, 1006, 1007, 1008, 1009, 1010, 1011, 1012, 1013, 1014, 1015, 1016, 1017, 1018, 1019, 1020, 1021, 1022, 1023, 1024, 1025, 1026, 1027, 1028, 1029, 1030, 1031, 1032, 1033, 1034, 1035, 1036, 1037, 1038, 1039, 1040, 1041, 1042, 1043, 1044, 1045, 1046, 1047, 1048, 1049, 1050, 1051, 1052, 1053, 1054, 1055, 1056, 1057, 1058, 1059, 1060, 1061, 1062, 1063, 1064, 1065, 1066, 1067, 1068, 1069, 1070, 1071, 1072, 1073, 1074, 1075, 1076, 1077, 1078, 1079, 1080, 1081, 1082, 1083, 1084, 1085, 1086, 1087, 1088, 1089, 1090, 1091, 1092, 1093, 1094, 1095, 1096, 1097, 1098, 1099, 1100, 1101, 1102, 1103, 1104, 1105, 1106, 1107, 1108, 1109, 1110, 1111, 1112, 1113, 1114, 1115, 1116, 1117, 1118, 1119, 1120, 1121, 1122, 1123, 1124, 1125, 1126, 1127, 1128, 1129, 1130, 1131, 1132, 1133, 1134, 1135, 1136, 1137, 1138, 1139, 1140, 1141, 1142, 1143, 1144, 1145, 1146, 1147, 1148, 1149, 1150, 1151, 1152, 1153, 1154, 1155, 1156, 1157, 1158, 1159, 1160, 1161, 1162, 1163, 1164, 1165, 1166, 1167, 1168, 1169, 1170, 1171, 1172, 1173, 1174, 1175, 1176, 1177, 1178, 1179, 1180, 1181, 1182, 1183, 1184, 1185, 1186, 1187, 1188, 1189, 1190, 1191, 1192, 1193, 1194, 1195, 1196, 1197, 1198, 1199, 1200, 1201, 1202, 1203, 1204, 1205, 1206, 1207, 1208, 1209, 1210, 1211, 1212, 1213, 1214, 1215, 1216, 1217, 1218, 1219, 1220, 1221, 1222, 1223, 1224, 1225, 1226, 1227, 1228, 1229, 1230, 1231, 1232, 1233, 1234, 1235, 1236, 1237, 1238, 1239, 1240, 1241, 1242, 1243, 1244, 1245, 1246, 1247, 1248, 1249, 1250, 1251, 1252, 1253, 1254, 1255, 1256, 1257, 1258, 1259, 1260, 1261, 1262, 1263, 1264, 1265, 1266, 1267, 1268, 1269, 1270, 1271, 1272, 1273, 1274, 1275, 1276, 1277, 1278, 1279, 1280, 1281, 1282, 1283, 1284, 1285, 1286, 1287, 1288, 1289, 1290, 1291, 1292, 1293, 1294, 1295, 1296, 1297, 1298, 1299, 1300, 1301, 1302, 1303, 1304, 1305, 1306, 1307, 1308, 1309, 1310, 1311, 1312, 1313, 1314, 1315, 1316, 1317, 1318, 1319, 1320, 1321, 1322, 1323, 1324, 1325, 1326, 1327, 1328, 1329, 1330, 1331, 1332, 1333, 1334, 1335, 1336, 1337, 1338, 1339, 1340, 1341, 1342, 1343, 1344, 1345, 1346, 1347, 1348, 1349, 1350, 1351, 1352, 1353, 1354, 1355, 1356, 1357, 1358, 1359, 1360, 1361, 1362, 1363, 1364, 1365, 1366, 1367, 1368, 1369, 1370, 1371, 1372, 1373, 1374, 1375, 1376, 1377, 1378, 1379, 1380, 1381, 1382, 1383, 1384, 1385, 1386, 1387, 1388, 1389, 1390, 1391, 1392, 1393, 1394, 1395, 1396, 1397, 1398, 1399, 1400, 1401, 1402, 1403, 1404, 1405, 1406, 1407, 1408, 1409, 1410, 1411, 1412, 1413, 1414, 1415, 1416, 1417, 1418, 1419, 1420, 1421, 1422, 1423, 1424, 1425, 1426, 1427, 1428, 1429, 1430, 1431, 1432, 1433, 1434, 1435, 1436, 1437, 1438, 1439, 1440, 1441, 1442, 1443, 1444, 1445, 1446, 1447, 1448, 1449, 1450, 1451, 1452, 1453, 1454, 1455, 1456, 1457, 1458, 1459, 1460, 1461, 1462, 1463, 1464, 1465, 1466, 1467, 1468, 1469, 1470, 1471, 1472, 1473, 1474, 1475, 1476, 1477, 1478, 1479, 1480, 1481, 1482, 1483, 1484, 1485, 1486, 1487, 1488, 1489, 1490, 1491, 1492, 1493, 1494, 1495, 1496, 1497, 1498, 1499, 1500, 1501, 1502, 1503, 1504, 1505, 1506, 1507, 1508, 1509, 1510, 1511, 1512, 1513, 1514, 1515, 1516, 1517, 1518, 1519, 1520, 1521, 1522, 1523, 1524, 1525, 1526, 1527, 1528, 1529, 1530, 1531, 1532, 1533, 1534, 1535, 1536, 1537, 1538, 1539, 1540, 1541, 1542, 1543, 1544, 1545, 1546, 1547, 1548, 1549, 1550, 1551, 1552, 1553, 1554, 1555, 1556, 1557, 1558, 1559, 1560, 1561, 1562, 1563, 1564, 1565, 1566, 1567, 1568, 1569, 1570, 1571, 1572, 1573, 1574, 1575, 1576, 1577, 1578, 1579, 1580, 1581, 1582, 1583, 1584, 1585, 1586, 1587, 1588, 1589, 1590, 1591, 1592, 1593, 1594, 1595, 1596, 1597, 1598, 1599, 1600, 1601, 1602, 1603, 1604, 1605, 1606, 1607, 1608, 1609, 1610, 1611, 1612, 1613, 1614, 1615, 1616, 1617, 1618, 1619, 1620, 1621, 1622, 1623, 1624, 1625, 1626, 1627, 1628, 1629, 1630, 1631, 1632, 1633, 1634, 1635, 1636, 1637, 1638, 1639, 1640, 1641, 1642, 1643, 1644, 1645, 1646, 1647, 1648, 1649, 1650, 1651, 1652, 1653, 1654, 1655, 1656, 1657, 1658, 1659, 1660, 1661, 1662, 1663, 1664, 1665, 1666, 1667, 1668, 1669, 1670, 1671, 1672, 1673, 1674, 1675, 1676, 1677, 1678, 1679, 1680, 1681, 1682, 1683, 1684, 1685, 1686, 1687, 1688, 1689, 1690, 1691, 1692, 1693, 1694, 1695, 1696, 1697, 1698, 1699, 1700, 1701, 1702, 1703, 1704, 1705, 1706, 1707, 1708, 1709, 1710, 1711, 1712, 1713, 1714, 1715, 1716, 
		GEOMETRY:
			Total Meshes: 360
			Total Polygons: 68026
			    | Name                                      | Instance Occurrences | Material                                     | Polygons 
			====+===========================================+======================+==============================================+==========
			  1  'Taxi__LOD4'                                                    1  'material_mat(1),'                                  4803 
			  2  'Taxi__LOD4_1'                                                  1  'material_1_mat(1),'                                  94 
			  3  'Ford_Edge__LOD4'                                               1  'material_2_mat(1),'                                4825 
			  4  'Ford_Edge__LOD4_1'                                             1  'material_3_mat(1),'                                  86 
			  5  'American_Chestnut__Realistic_LOD3'                            12  'material_4_mat(12),'                               3444 
			  6  'Red_Hickory__Realistic_LOD3'                                  43  'material_5_mat(43),'                               2636 
			  7  'Southern_Magnolia__Realistic_LOD3'                            22  'material_6_mat(22),'                               2824 
			  8  'Sugar_Maple__Realistic_LOD3'                                  33  'material_7_mat(33),'                               3154 
			  9  'Northern_Red_Oak__Realistic_LOD2'                             13  'material_8_mat(13),'                                608 
			 10  'White_Oak__Realistic_LOD3'                                     8  'material_9_mat(8),'                                3074 
			 11  'Scots_Pine__Realistic_LOD3'                                   96  'material_10_mat(96),'                              2508 
			 12  'Douglas_Fir__Realistic_LOD3'                                  24  'material_11_mat(24),'                              2848 
			 13  'Lodgepole_Pine__Realistic_LOD3'                               26  'material_12_mat(26),'                              3520 
			 14  'California_Redwood__Realistic_LOD3'                           49  'material_13_mat(49),'                              3420 
			 15  'Giant_Sequoia__Realistic_LOD3'                                18  'material_14_mat(18),'                              2744 
			 16  'American_Sycamore__Realistic_LOD3'                            26  'material_15_mat(26),'                              2854 
			 17  'Sassafras__Realistic_LOD3'                                    58  'material_16_mat(58),'                              3648 
			 18  'California_Walnut__Realistic_LOD3'                            34  'material_17_mat(34),'                              3664 
			 19  'mesh_CityEngineMaterial'                                       1  'CityEngineMaterial_131_mat(1),'                       9 
			 20  'mesh_CityEngineMaterial_1'                                     1  'CityEngineMaterial_127_mat(1),'                      10 
			 21  'mesh_CityEngineMaterial_2'                                     1  'CityEngineMaterial_46_mat(1),'                      224 
			 22  'mesh_CityEngineMaterial_3'                                     1  'CityEngineMaterial_173_mat(1),'                       8 
			 23  'mesh_CityEngineMaterial_4'                                     1  'CityEngineMaterial_226_mat(1),'                      10 
			 24  'mesh_CityEngineMaterial_5'                                     1  'CityEngineMaterial_143_mat(1),'                     131 
			 25  'mesh_CityEngineMaterial_6'                                     1  'CityEngineMaterial_164_mat(1),'                      10 
			 26  'mesh_CityEngineMaterial_7'                                     1  'CityEngineMaterial_56_mat(1),'                       16 
			 27  'mesh_CityEngineMaterial_8'                                     1  'CityEngineMaterial_24_mat(1),'                       75 
			 28  'mesh_CityEngineMaterial_9'                                     1  'CityEngineMaterial_209_mat(1),'                       8 
			 29  'mesh_CityEngineMaterial_10'                                    1  'CityEngineMaterial_257_mat(1),'                      40 
			 30  'mesh_CityEngineMaterial_11'                                    1  'CityEngineMaterial_135_mat(1),'                      10 
			 31  'mesh_CityEngineMaterial_12'                                    1  'CityEngineMaterial_250_mat(1),'                      12 
			 32  'mesh_CityEngineMaterial_13'                                    1  'CityEngineMaterial_153_mat(1),'                      88 
			 33  'mesh_CityEngineMaterial_14'                                    1  'CityEngineMaterial_298_mat(1),'                      20 
			 34  'mesh_CityEngineMaterial_15'                                    1  'CityEngineMaterial_89_mat(1),'                        9 
			 35  'mesh_CityEngineMaterial_16'                                    1  'CityEngineMaterial_232_mat(1),'                      12 
			 36  'mesh_CityEngineShapeMaterial'                                  1  'CityEngineShapeMaterial_mat(1),'                      1 
			 37  'mesh_CityEngineMaterial_17'                                    1  'CityEngineMaterial_159_mat(1),'                     135 
			 38  'mesh_CityEngineMaterial_18'                                    1  'CityEngineMaterial_328_mat(1),'                      54 
			 39  'mesh_CityEngineMaterial_19'                                    1  'CityEngineMaterial_13_mat(1),'                      112 
			 40  'mesh_CityEngineMaterial_20'                                    1  'CityEngineMaterial_41_mat(1),'                       23 
			 41  'mesh_CityEngineMaterial_21'                                    1  'CityEngineMaterial_28_mat(1),'                      579 
			 42  'mesh_CityEngineMaterial_22'                                    1  'CityEngineMaterial_260_mat(1),'                      25 
			 43  'mesh_CityEngineMaterial_23'                                    1  'CityEngineMaterial_197_mat(1),'                      12 
			 44  'mesh_CityEngineMaterial_24'                                    1  'CityEngineMaterial_47_mat(1),'                       12 
			 45  'mesh_CityEngineMaterial_25'                                    1  'CityEngineMaterial_207_mat(1),'                      10 
			 46  'mesh_CityEngineMaterial_26'                                    1  'CityEngineMaterial_199_mat(1),'                      80 
			 47  'mesh_CityEngineMaterial_27'                                    1  'CityEngineMaterial_37_mat(1),'                       70 
			 48  'mesh_CityEngineMaterial_28'                                    1  'CityEngineMaterial_65_mat(1),'                       11 
			 49  'mesh_CityEngineMaterial_29'                                    1  'CityEngineMaterial_52_mat(1),'                      128 
			 50  'mesh_CityEngineMaterial_30'                                    1  'CityEngineMaterial_99_mat(1),'                       68 
			 51  'mesh_CityEngineMaterial_31'                                    1  'CityEngineMaterial_253_mat(1),'                      26 
			 52  'mesh_CityEngineMaterial_32'                                    1  'CityEngineMaterial_230_mat(1),'                      14 
			 53  'mesh_CityEngineMaterial_33'                                    1  'CityEngineMaterial_97_mat(1),'                      102 
			 54  'mesh_CityEngineMaterial_34'                                    1  'CityEngineMaterial_212_mat(1),'                       5 
			 55  'mesh_CityEngineMaterial_35'                                    1  'CityEngineMaterial_265_mat(1),'                       2 
			 56  'mesh_CityEngineMaterial_36'                                    1  'CityEngineMaterial_150_mat(1),'                       9 
			 57  'mesh_CityEngineMaterial_37'                                    1  'CityEngineMaterial_105_mat(1),'                      92 
			 58  'mesh_CityEngineMaterial_38'                                    1  'CityEngineMaterial_3_mat(1),'                       189 
			 59  'mesh_CityEngineMaterial_39'                                    1  'CityEngineMaterial_296_mat(1),'                      34 
			 60  'mesh_Asphalt_Standard_2x2_cBasaltGrey'                         1  'Asphalt_Standard_2x2_cBasaltGrey_mat(1),'            35 
			 61  'mesh_CityEngineMaterial_40'                                    1  'CityEngineMaterial_322_mat(1),'                      16 
			 62  'mesh_Markings_Standard_1x1_cPureWhite'                         1  'Markings_Standard_1x1_cPureWhite_mat(1),'            68 
			 63  'mesh_CityEngineMaterial_41'                                    1  'CityEngineMaterial_108_mat(1),'                      15 
			 64  'mesh_CityEngineMaterial_42'                                    1  'CityEngineMaterial_208_mat(1),'                      14 
			 65  'mesh_CityEngineMaterial_43'                                    1  'CityEngineMaterial_177_mat(1),'                       6 
			 66  'mesh_CityEngineMaterial_44'                                    1  'CityEngineMaterial_96_mat(1),'                       25 
			 67  'mesh_CityEngineMaterial_45'                                    1  'CityEngineMaterial_233_mat(1),'                      14 
			 68  'mesh_CityEngineMaterial_46'                                    1  'CityEngineMaterial_20_mat(1),'                       41 
			 69  'mesh_CityEngineMaterial_47'                                    1  'CityEngineMaterial_320_mat(1),'                      56 
			 70  'mesh_CityEngineMaterial_48'                                    1  'CityEngineMaterial_180_mat(1),'                     110 
			 71  'mesh_CityEngineMaterial_49'                                    1  'CityEngineMaterial_36_mat(1),'                       14 
			 72  'mesh_CityEngineMaterial_50'                                    1  'CityEngineMaterial_168_mat(1),'                      11 
			 73  'mesh_CityEngineMaterial_51'                                    1  'CityEngineMaterial_33_mat(1),'                        9 
			 74  'mesh_CityEngineMaterial_52'                                    1  'CityEngineMaterial_62_mat(1),'                      118 
			 75  'mesh_CityEngineMaterial_53'                                    1  'CityEngineMaterial_126_mat(1),'                     135 
			 76  'mesh_CityEngineMaterial_54'                                    1  'CityEngineMaterial_155_mat(1),'                      76 
			 77  'mesh_CityEngineMaterial_55'                                    1  'CityEngineMaterial_201_mat(1),'                      11 
			 78  'mesh_CityEngineMaterial_56'                                    1  'CityEngineMaterial_15_mat(1),'                        8 
			 79  'mesh_CityEngineMaterial_57'                                    1  'CityEngineMaterial_67_mat(1),'                       14 
			 80  'mesh_CityEngineMaterial_58'                                    1  'CityEngineMaterial_23_mat(1),'                        3 
			 81  'mesh_CityEngineMaterial_59'                                    1  'CityEngineMaterial_310_mat(1),'                       5 
			 82  'mesh_CityEngineMaterial_60'                                    1  'CityEngineMaterial_111_mat(1),'                     234 
			 83  'mesh_CityEngineMaterial_61'                                    1  'CityEngineMaterial_198_mat(1),'                      10 
			 84  'mesh_CityEngineMaterial_62'                                    1  'CityEngineMaterial_244_mat(1),'                      12 
			 85  'mesh_CityEngineMaterial_63'                                    1  'CityEngineMaterial_247_mat(1),'                       9 
			 86  'mesh_CityEngineMaterial_64'                                    1  'CityEngineMaterial_122_mat(1),'                       1 
			 87  'mesh_CityEngineMaterial_65'                                    1  'CityEngineMaterial_268_mat(1),'                      26 
			 88  'mesh_CityEngineMaterial_66'                                    1  'CityEngineMaterial_174_mat(1),'                      18 
			 89  'mesh_CityEngineMaterial_67'                                    1  'CityEngineMaterial_7_mat(1),'                       105 
			 90  'mesh_CityEngineMaterial_68'                                    1  'CityEngineMaterial_204_mat(1),'                       9 
			 91  'mesh_CityEngineMaterial_69'                                    1  'CityEngineMaterial_113_mat(1),'                      72 
			 92  'mesh_CityEngineMaterial_70'                                    1  'CityEngineMaterial_120_mat(1),'                      21 
			 93  'mesh_CityEngineMaterial_71'                                    1  'CityEngineMaterial_35_mat(1),'                      309 
			 94  'mesh_CityEngineMaterial_72'                                    1  'CityEngineMaterial_330_mat(1),'                      45 
			 95  'mesh_CityEngineMaterial_73'                                    1  'CityEngineMaterial_308_mat(1),'                       4 
			 96  'mesh_CityEngineMaterial_74'                                    1  'CityEngineMaterial_73_mat(1),'                       33 
			 97  'mesh_CityEngineMaterial_75'                                    1  'CityEngineMaterial_53_mat(1),'                        2 
			 98  'mesh_CityEngineMaterial_76'                                    1  'CityEngineMaterial_246_mat(1),'                       2 
			 99  'mesh_CityEngineMaterial_77'                                    1  'CityEngineMaterial_314_mat(1),'                      43 
			100  'mesh_CityEngineMaterial_78'                                    1  'CityEngineMaterial_191_mat(1),'                      10 
			101  'mesh_CityEngineMaterial_79'                                    1  'CityEngineMaterial_256_mat(1),'                       5 
			102  'mesh_CityEngineMaterial_80'                                    1  'CityEngineMaterial_55_mat(1),'                      332 
			103  'mesh_CityEngineMaterial_81'                                    1  'CityEngineMaterial_264_mat(1),'                       4 
			104  'mesh_CityEngineMaterial_82'                                    1  'CityEngineMaterial_38_mat(1),'                      313 
			105  'mesh_CityEngineMaterial_83'                                    1  'CityEngineMaterial_283_mat(1),'                       6 
			106  'mesh_CityEngineMaterial_84'                                    1  'CityEngineMaterial_160_mat(1),'                      40 
			107  'mesh_CityEngineMaterial_85'                                    1  'CityEngineMaterial_263_mat(1),'                       2 
			108  'mesh_CityEngineMaterial_86'                                    1  'CityEngineMaterial_156_mat(1),'                      14 
			109  'mesh_CityEngineMaterial_87'                                    1  'CityEngineMaterial_39_mat(1),'                       10 
			110  'mesh_CityEngineMaterial_88'                                    1  'CityEngineMaterial_87_mat(1),'                      180 
			111  'mesh_CityEngineMaterial_89'                                    1  'CityEngineMaterial_72_mat(1),'                       16 
			112  'mesh_CityEngineMaterial_90'                                    1  'CityEngineMaterial_118_mat(1),'                      30 
			113  'mesh_CityEngineMaterial_91'                                    1  'CityEngineMaterial_22_mat(1),'                      321 
			114  'mesh_CityEngineMaterial_92'                                    1  'CityEngineMaterial_114_mat(1),'                     218 
			115  'mesh_CityEngineMaterial_93'                                    1  'CityEngineMaterial_30_mat(1),'                      103 
			116  'mesh_CityEngineMaterial_94'                                    1  'CityEngineMaterial_303_mat(1),'                      48 
			117  'mesh_CityEngineMaterial_95'                                    1  'CityEngineMaterial_240_mat(1),'                      28 
			118  'mesh_CityEngineMaterial_96'                                    1  'CityEngineMaterial_57_mat(1),'                       10 
			119  'mesh_CityEngineMaterial_97'                                    1  'CityEngineMaterial_295_mat(1),'                      32 
			120  'mesh_Asphalt_TireMarkings_2x2_cBasaltGrey'                     1  'Asphalt_TireMarkings_2x2_cBasaltGrey_mat(1),'        34 
			121  'mesh_CityEngineMaterial_98'                                    1  'CityEngineMaterial_228_mat(1),'                       5 
			122  'mesh_CityEngineMaterial_99'                                    1  'CityEngineMaterial_81_mat(1),'                       19 
			123  'mesh_CityEngineMaterial_100'                                   1  'CityEngineMaterial_100_mat(1),'                     300 
			124  'mesh_CityEngineMaterial_101'                                   1  'CityEngineMaterial_306_mat(1),'                       4 
			125  'mesh_CityEngineMaterial_102'                                   1  'CityEngineMaterial_242_mat(1),'                      26 
			126  'mesh_CityEngineMaterial_103'                                   1  'CityEngineMaterial_331_mat(1),'                      48 
			127  'mesh_CityEngineMaterial_104'                                   1  'CityEngineMaterial_151_mat(1),'                      20 
			128  'mesh_CityEngineMaterial_105'                                   1  'CityEngineMaterial_266_mat(1),'                       4 
			129  'mesh_CityEngineMaterial_106'                                   1  'CityEngineMaterial_275_mat(1),'                      32 
			130  'mesh_CityEngineMaterial_107'                                   1  'CityEngineMaterial_54_mat(1),'                      176 
			131  'mesh_CityEngineMaterial_108'                                   1  'CityEngineMaterial_19_mat(1),'                      118 
			132  'mesh_CityEngineMaterial_109'                                   1  'CityEngineMaterial_107_mat(1),'                     135 
			133  'mesh_CityEngineMaterial_110'                                   1  'CityEngineMaterial_49_mat(1),'                        7 
			134  'mesh_CityEngineMaterial_111'                                   1  'CityEngineMaterial_4_mat(1),'                       116 
			135  'mesh_CityEngineMaterial_112'                                   1  'CityEngineMaterial_234_mat(1),'                       2 
			136  'mesh_CityEngineMaterial_113'                                   1  'CityEngineMaterial_270_mat(1),'                      57 
			137  'mesh_CityEngineMaterial_114'                                   1  'CityEngineMaterial_258_mat(1),'                      27 
			138  'mesh_CityEngineMaterial_115'                                   1  'CityEngineMaterial_21_mat(1),'                      111 
			139  'mesh_CityEngineMaterial_116'                                   1  'CityEngineMaterial_86_mat(1),'                        7 
			140  'mesh_CityEngineMaterial_117'                                   1  'CityEngineMaterial_187_mat(1),'                      52 
			141  'mesh_CityEngineMaterial_118'                                   1  'CityEngineMaterial_272_mat(1),'                      49 
			142  'mesh_CityEngineMaterial_119'                                   1  'CityEngineMaterial_329_mat(1),'                      27 
			143  'mesh_CityEngineMaterial_120'                                   1  'CityEngineMaterial_222_mat(1),'                      41 
			144  'mesh_CityEngineMaterial_121'                                   1  'CityEngineMaterial_25_mat(1),'                      286 
			145  'mesh_CityEngineMaterial_122'                                   1  'CityEngineMaterial_259_mat(1),'                       8 
			146  'mesh_CityEngineMaterial_123'                                   1  'CityEngineMaterial_50_mat(1),'                      114 
			147  'mesh_CityEngineMaterial_124'                                   1  'CityEngineMaterial_139_mat(1),'                      65 
			148  'mesh_CityEngineMaterial_125'                                   1  'CityEngineMaterial_14_mat(1),'                      379 
			149  'mesh_CityEngineMaterial_126'                                   1  'CityEngineMaterial_221_mat(1),'                      23 
			150  'mesh_CityEngineMaterial_127'                                   1  'CityEngineMaterial_144_mat(1),'                      19 
			151  'mesh_CityEngineMaterial_128'                                   1  'CityEngineMaterial_215_mat(1),'                       5 
			152  'mesh_CityEngineMaterial_129'                                   1  'CityEngineMaterial_98_mat(1),'                       17 
			153  'mesh_CityEngineMaterial_130'                                   1  'CityEngineMaterial_121_mat(1),'                     101 
			154  'mesh_CityEngineMaterial_131'                                   1  'CityEngineMaterial_335_mat(1),'                      16 
			155  'mesh_CityEngineMaterial_132'                                   1  'CityEngineMaterial_90_mat(1),'                       69 
			156  'mesh_CityEngineMaterial_133'                                   1  'CityEngineMaterial_149_mat(1),'                      41 
			157  'mesh_CityEngineMaterial_134'                                   1  'CityEngineMaterial_245_mat(1),'                      32 
			158  'mesh_CityEngineMaterial_135'                                   1  'CityEngineMaterial_59_mat(1),'                       16 
			159  'mesh_CityEngineMaterial_136'                                   1  'CityEngineMaterial_318_mat(1),'                       3 
			160  'mesh_CityEngineMaterial_137'                                   1  'CityEngineMaterial_115_mat(1),'                      10 
			161  'mesh_CityEngineMaterial_138'                                   1  'CityEngineMaterial_193_mat(1),'                      15 
			162  'mesh_CityEngineMaterial_139'                                   1  'CityEngineMaterial_9_mat(1),'                        12 
			163  'mesh_CityEngineMaterial_140'                                   1  'CityEngineMaterial_61_mat(1),'                        5 
			164  'mesh_CityEngineMaterial_141'                                   1  'CityEngineMaterial_125_mat(1),'                      18 
			165  'mesh_CityEngineMaterial_142'                                   1  'CityEngineMaterial_279_mat(1),'                      65 
			166  'mesh_CityEngineMaterial_143'                                   1  'CityEngineMaterial_309_mat(1),'                      11 
			167  'mesh_CityEngineMaterial_144'                                   1  'CityEngineMaterial_102_mat(1),'                      51 
			168  'mesh_CityEngineMaterial_145'                                   1  'CityEngineMaterial_277_mat(1),'                      16 
			169  'mesh_CityEngineMaterial_146'                                   1  'CityEngineMaterial_282_mat(1),'                      16 
			170  'mesh_CityEngineMaterial_147'                                   1  'CityEngineMaterial_171_mat(1),'                      16 
			171  'mesh_CityEngineMaterial_148'                                   1  'CityEngineMaterial_94_mat(1),'                       23 
			172  'mesh_CityEngineMaterial_149'                                   1  'CityEngineMaterial_267_mat(1),'                       2 
			173  'mesh_CityEngineMaterial_150'                                   1  'CityEngineMaterial_323_mat(1),'                      40 
			174  'mesh_CityEngineMaterial_151'                                   1  'CityEngineMaterial_172_mat(1),'                      14 
			175  'mesh_CityEngineMaterial_152'                                   1  'CityEngineMaterial_188_mat(1),'                       5 
			176  'mesh_CityEngineMaterial_153'                                   1  'CityEngineMaterial_317_mat(1),'                       4 
			177  'mesh_CityEngineMaterial_154'                                   1  'CityEngineMaterial_281_mat(1),'                      49 
			178  'mesh_CityEngineMaterial_155'                                   1  'CityEngineMaterial_273_mat(1),'                      70 
			179  'mesh_CityEngineMaterial_156'                                   1  'CityEngineMaterial_176_mat(1),'                     121 
			180  'mesh_CityEngineMaterial_157'                                   1  'CityEngineMaterial_68_mat(1),'                      158 
			181  'mesh_CityEngineMaterial_158'                                   1  'CityEngineMaterial_325_mat(1),'                      44 
			182  'mesh_CityEngineMaterial_159'                                   1  'CityEngineMaterial_192_mat(1),'                      14 
			183  'mesh_CityEngineMaterial_160'                                   1  'CityEngineMaterial_158_mat(1),'                      13 
			184  'mesh_CityEngineMaterial_161'                                   1  'CityEngineMaterial_195_mat(1),'                       9 
			185  'mesh_CityEngineMaterial_162'                                   1  'CityEngineMaterial_70_mat(1),'                       16 
			186  'mesh_CityEngineMaterial_163'                                   1  'CityEngineMaterial_179_mat(1),'                      22 
			187  'mesh_CityEngineMaterial_164'                                   1  'CityEngineMaterial_95_mat(1),'                      274 
			188  'mesh_CityEngineMaterial_165'                                   1  'CityEngineMaterial_224_mat(1),'                       8 
			189  'mesh_CityEngineMaterial_166'                                   1  'CityEngineMaterial_124_mat(1),'                     267 
			190  'mesh_CityEngineMaterial_167'                                   1  'CityEngineMaterial_18_mat(1),'                       10 
			191  'mesh_CityEngineMaterial_168'                                   1  'CityEngineMaterial_321_mat(1),'                      70 
			192  'mesh_CityEngineMaterial_169'                                   1  'CityEngineMaterial_288_mat(1),'                      45 
			193  'mesh_CityEngineMaterial_170'                                   1  'CityEngineMaterial_255_mat(1),'                       2 
			194  'mesh_CityEngineMaterial_171'                                   1  'CityEngineMaterial_241_mat(1),'                       3 
			195  'mesh_CityEngineMaterial_172'                                   1  'CityEngineMaterial_227_mat(1),'                      11 
			196  'mesh_CityEngineMaterial_173'                                   1  'CityEngineMaterial_336_mat(1),'                      11 
			197  'mesh_CityEngineMaterial_174'                                   1  'CityEngineMaterial_205_mat(1),'                       8 
			198  'mesh_CityEngineMaterial_175'                                   1  'CityEngineMaterial_26_mat(1),'                       14 
			199  'mesh_CityEngineMaterial_176'                                   1  'CityEngineMaterial_51_mat(1),'                       12 
			200  'mesh_CityEngineMaterial_177'                                   1  'CityEngineMaterial_48_mat(1),'                       87 
			201  'mesh_CityEngineMaterial_178'                                   1  'CityEngineMaterial_88_mat(1),'                       10 
			202  'mesh_CityEngineMaterial_179'                                   1  'CityEngineMaterial_237_mat(1),'                       7 
			203  'mesh_CityEngineMaterial_180'                                   1  'CityEngineMaterial_44_mat(1),'                        6 
			204  'mesh_CityEngineMaterial_181'                                   1  'CityEngineMaterial_182_mat(1),'                      11 
			205  'mesh_CityEngineMaterial_182'                                   1  'CityEngineMaterial_280_mat(1),'                      32 
			206  'mesh_CityEngineMaterial_183'                                   1  'CityEngineMaterial_1_mat(1),'                       348 
			207  'mesh_CityEngineMaterial_184'                                   1  'CityEngineMaterial_305_mat(1),'                      48 
			208  'mesh_CityEngineMaterial_185'                                   1  'CityEngineMaterial_301_mat(1),'                      10 
			209  'mesh_CityEngineMaterial_186'                                   1  'CityEngineMaterial_12_mat(1),'                        8 
			210  'mesh_CityEngineMaterial_187'                                   1  'CityEngineMaterial_334_mat(1),'                      52 
			211  'mesh_CityEngineMaterial_188'                                   1  'CityEngineMaterial_165_mat(1),'                      60 
			212  'mesh_CityEngineMaterial_189'                                   1  'CityEngineMaterial_236_mat(1),'                      15 
			213  'mesh_CityEngineMaterial_190'                                   1  'CityEngineMaterial_287_mat(1),'                      44 
			214  'mesh_CityEngineMaterial_191'                                   1  'CityEngineMaterial_337_mat(1),'                       7 
			215  'mesh_CityEngineMaterial_192'                                   1  'CityEngineMaterial_71_mat(1),'                      121 
			216  'mesh_CityEngineMaterial_193'                                   1  'CityEngineMaterial_278_mat(1),'                      20 
			217  'mesh_CityEngineMaterial_194'                                   1  'CityEngineMaterial_300_mat(1),'                      17 
			218  'mesh_CityEngineMaterial_195'                                   1  'CityEngineMaterial_311_mat(1),'                       3 
			219  'mesh_CityEngineMaterial_196'                                   1  'CityEngineMaterial_101_mat(1),'                      48 
			220  'mesh_CityEngineMaterial_197'                                   1  'CityEngineMaterial_218_mat(1),'                      12 
			221  'mesh_CityEngineMaterial_198'                                   1  'CityEngineMaterial_79_mat(1),'                       19 
			222  'mesh_CityEngineMaterial_199'                                   1  'CityEngineMaterial_238_mat(1),'                       3 
			223  'mesh_CityEngineMaterial_200'                                   1  'CityEngineMaterial_77_mat(1),'                      112 
			224  'mesh_CityEngineMaterial_201'                                   1  'CityEngineMaterial_60_mat(1),'                       92 
			225  'mesh_CityEngineMaterial_202'                                   1  'CityEngineMaterial_269_mat(1),'                      68 
			226  'mesh_CityEngineMaterial_203'                                   1  'CityEngineMaterial_32_mat(1),'                       99 
			227  'mesh_CityEngineMaterial_204'                                   1  'CityEngineMaterial_166_mat(1),'                      14 
			228  'mesh_CityEngineMaterial_205'                                   1  'CityEngineMaterial_63_mat(1),'                       11 
			229  'mesh_CityEngineMaterial_206'                                   1  'CityEngineMaterial_64_mat(1),'                      107 
			230  'mesh_CityEngineMaterial_207'                                   1  'CityEngineMaterial_80_mat(1),'                      137 
			231  'mesh_CityEngineMaterial_208'                                   1  'CityEngineMaterial_31_mat(1),'                       14 
			232  'mesh_CityEngineMaterial_209'                                   1  'CityEngineMaterial_249_mat(1),'                      10 
			233  'mesh_CityEngineMaterial_210'                                   1  'CityEngineMaterial_110_mat(1),'                     106 
			234  'mesh_CityEngineMaterial_211'                                   1  'CityEngineMaterial_6_mat(1),'                        30 
			235  'mesh_CityEngineMaterial_212'                                   1  'CityEngineMaterial_167_mat(1),'                       3 
			236  'mesh_CityEngineMaterial_213'                                   1  'CityEngineMaterial_304_mat(1),'                       4 
			237  'mesh_CityEngineMaterial_214'                                   1  'CityEngineMaterial_2_mat(1),'                         6 
			238  'mesh_CityEngineMaterial_215'                                   1  'CityEngineMaterial_142_mat(1),'                       8 
			239  'mesh_CityEngineMaterial_216'                                   1  'CityEngineMaterial_217_mat(1),'                      68 
			240  'mesh_CityEngineMaterial_217'                                   1  'CityEngineMaterial_216_mat(1),'                      16 
			241  'mesh_CityEngineMaterial_218'                                   1  'CityEngineMaterial_284_mat(1),'                       4 
			242  'mesh_CityEngineMaterial_219'                                   1  'CityEngineMaterial_202_mat(1),'                       8 
			243  'mesh_CityEngineMaterial_220'                                   1  'CityEngineMaterial_297_mat(1),'                      28 
			244  'mesh_CityEngineMaterial_221'                                   1  'CityEngineMaterial_163_mat(1),'                      26 
			245  'mesh_CityEngineMaterial_222'                                   1  'CityEngineMaterial_313_mat(1),'                       4 
			246  'mesh_CityEngineMaterial_223'                                   1  'CityEngineMaterial_11_mat(1),'                      118 
			247  'mesh_CityEngineMaterial_224'                                   1  'CityEngineMaterial_184_mat(1),'                      12 
			248  'mesh_CityEngineMaterial_225'                                   1  'CityEngineMaterial_181_mat(1),'                      10 
			249  'mesh_CityEngineMaterial_226'                                   1  'CityEngineMaterial_194_mat(1),'                      10 
			250  'mesh_CityEngineMaterial_227'                                   1  'CityEngineMaterial_42_mat(1),'                      101 
			251  'mesh_CityEngineMaterial_228'                                   1  'CityEngineMaterial_285_mat(1),'                      24 
			252  'mesh_CityEngineMaterial_229'                                   1  'CityEngineMaterial_154_mat(1),'                     133 
			253  'mesh_CityEngineMaterial_230'                                   1  'CityEngineMaterial_293_mat(1),'                      49 
			254  'mesh_CityEngineMaterial_231'                                   1  'CityEngineMaterial_145_mat(1),'                      16 
			255  'mesh_CityEngineMaterial_232'                                   1  'CityEngineMaterial_161_mat(1),'                      44 
			256  'mesh_CityEngineMaterial_233'                                   1  'CityEngineMaterial_134_mat(1),'                     145 
			257  'mesh_CityEngineMaterial_234'                                   1  'CityEngineMaterial_206_mat(1),'                       7 
			258  'mesh_CityEngineMaterial_235'                                   1  'CityEngineMaterial_66_mat(1),'                       14 
			259  'mesh_CityEngineMaterial_236'                                   1  'CityEngineMaterial_189_mat(1),'                      20 
			260  'mesh_CityEngineMaterial_237'                                   1  'CityEngineMaterial_276_mat(1),'                       8 
			261  'mesh_CityEngineMaterial_238'                                   1  'CityEngineMaterial_82_mat(1),'                        9 
			262  'mesh_CityEngineMaterial_239'                                   1  'CityEngineMaterial_74_mat(1),'                       72 
			263  'mesh_CityEngineMaterial_240'                                   1  'CityEngineMaterial_29_mat(1),'                       13 
			264  'mesh_CityEngineMaterial_241'                                   1  'CityEngineMaterial_229_mat(1),'                      10 
			265  'mesh_CityEngineMaterial_242'                                   1  'CityEngineMaterial_178_mat(1),'                      13 
			266  'mesh_CityEngineMaterial_243'                                   1  'CityEngineMaterial_93_mat(1),'                       17 
			267  'mesh_CityEngineMaterial_244'                                   1  'CityEngineMaterial_45_mat(1),'                       31 
			268  'mesh_CityEngineMaterial_245'                                   1  'CityEngineMaterial_262_mat(1),'                      26 
			269  'mesh_CityEngineMaterial_246'                                   1  'CityEngineMaterial_327_mat(1),'                       2 
			270  'mesh_CityEngineMaterial_247'                                   1  'CityEngineMaterial_152_mat(1),'                       5 
			271  'mesh_CityEngineMaterial_248'                                   1  'CityEngineMaterial_271_mat(1),'                      36 
			272  'mesh_CityEngineMaterial_249'                                   1  'CityEngineMaterial_235_mat(1),'                       3 
			273  'mesh_CityEngineMaterial_250'                                   1  'CityEngineMaterial_130_mat(1),'                     112 
			274  'mesh_CityEngineMaterial_251'                                   1  'CityEngineMaterial_84_mat(1),'                       15 
			275  'mesh_CityEngineMaterial_252'                                   1  'CityEngineMaterial_225_mat(1),'                      12 
			276  'mesh_CityEngineMaterial_253'                                   1  'CityEngineMaterial_332_mat(1),'                       3 
			277  'mesh_CityEngineMaterial_254'                                   1  'CityEngineMaterial_254_mat(1),'                       7 
			278  'mesh_CityEngineMaterial_255'                                   1  'CityEngineMaterial_133_mat(1),'                      11 
			279  'mesh_CityEngineMaterial_256'                                   1  'CityEngineMaterial_141_mat(1),'                      14 
			280  'mesh_CityEngineMaterial_257'                                   1  'CityEngineMaterial_157_mat(1),'                      13 
			281  'mesh_CityEngineMaterial_258'                                   1  'CityEngineMaterial_299_mat(1),'                      29 
			282  'mesh_CityEngineMaterial_259'                                   1  'CityEngineMaterial_291_mat(1),'                      35 
			283  'mesh_CityEngineMaterial_260'                                   1  'CityEngineMaterial_196_mat(1),'                       9 
			284  'mesh_CityEngineMaterial_261'                                   1  'CityEngineMaterial_213_mat(1),'                      13 
			285  'mesh_CityEngineMaterial_262'                                   1  'CityEngineMaterial_136_mat(1),'                      22 
			286  'mesh_CityEngineMaterial_263'                                   1  'CityEngineMaterial_128_mat(1),'                     120 
			287  'mesh_CityEngineMaterial_264'                                   1  'CityEngineMaterial_185_mat(1),'                      18 
			288  'mesh_CityEngineMaterial_265'                                   1  'CityEngineMaterial_132_mat(1),'                      43 
			289  'mesh_CityEngineMaterial_266'                                   1  'CityEngineMaterial_316_mat(1),'                      41 
			290  'mesh_CityEngineMaterial_267'                                   1  'CityEngineMaterial_8_mat(1),'                       342 
			291  'mesh_CityEngineMaterial_268'                                   1  'CityEngineMaterial_148_mat(1),'                      15 
			292  'mesh_CityEngineMaterial_269'                                   1  'CityEngineMaterial_324_mat(1),'                      53 
			293  'mesh_CityEngineMaterial_270'                                   1  'CityEngineMaterial_137_mat(1),'                      11 
			294  'mesh_CityEngineMaterial_271'                                   1  'CityEngineMaterial_123_mat(1),'                     103 
			295  'mesh_CityEngineMaterial_272'                                   1  'CityEngineMaterial_239_mat(1),'                      34 
			296  'mesh_CityEngineMaterial_273'                                   1  'CityEngineMaterial_83_mat(1),'                       35 
			297  'mesh_CityEngineMaterial_274'                                   1  'CityEngineMaterial_92_mat(1),'                       15 
			298  'mesh_CityEngineMaterial_275'                                   1  'CityEngineMaterial_210_mat(1),'                     124 
			299  'mesh_CityEngineMaterial_276'                                   1  'CityEngineMaterial_112_mat(1),'                       9 
			300  'mesh_CityEngineMaterial_277'                                   1  'CityEngineMaterial_43_mat(1),'                        9 
			301  'mesh_CityEngineMaterial_278'                                   1  'CityEngineMaterial_76_mat(1),'                      150 
			302  'mesh_CityEngineMaterial_279'                                   1  'CityEngineMaterial_10_mat(1),'                        6 
			303  'mesh_CityEngineMaterial_280'                                   1  'CityEngineMaterial_243_mat(1),'                       9 
			304  'mesh_CityEngineMaterial_281'                                   1  'CityEngineMaterial_219_mat(1),'                      15 
			305  'mesh_CityEngineMaterial_282'                                   1  'CityEngineMaterial_223_mat(1),'                      10 
			306  'mesh_CityEngineMaterial_283'                                   1  'CityEngineMaterial_147_mat(1),'                      11 
			307  'mesh_CityEngineMaterial_284'                                   1  'CityEngineMaterial_mat(1),'                         135 
			308  'mesh_CityEngineMaterial_285'                                   1  'CityEngineMaterial_40_mat(1),'                      139 
			309  'mesh_CityEngineMaterial_286'                                   1  'CityEngineMaterial_34_mat(1),'                       73 
			310  'mesh_CityEngineMaterial_287'                                   1  'CityEngineMaterial_162_mat(1),'                       7 
			311  'mesh_CityEngineMaterial_288'                                   1  'CityEngineMaterial_91_mat(1),'                        9 
			312  'mesh_CityEngineMaterial_289'                                   1  'CityEngineMaterial_146_mat(1),'                      73 
			313  'mesh_CityEngineMaterial_290'                                   1  'CityEngineMaterial_315_mat(1),'                      38 
			314  'mesh_CityEngineMaterial_291'                                   1  'CityEngineMaterial_294_mat(1),'                      22 
			315  'mesh_CityEngineMaterial_292'                                   1  'CityEngineMaterial_211_mat(1),'                       3 
			316  'mesh_CityEngineMaterial_293'                                   1  'CityEngineMaterial_214_mat(1),'                      25 
			317  'mesh_CityEngineMaterial_294'                                   1  'CityEngineMaterial_5_mat(1),'                       281 
			318  'mesh_CityEngineMaterial_295'                                   1  'CityEngineMaterial_333_mat(1),'                       1 
			319  'mesh_CityEngineMaterial_296'                                   1  'CityEngineMaterial_117_mat(1),'                      15 
			320  'mesh_CityEngineMaterial_297'                                   1  'CityEngineMaterial_220_mat(1),'                      12 
			321  'mesh_CityEngineMaterial_298'                                   1  'CityEngineMaterial_169_mat(1),'                      11 
			322  'mesh_CityEngineMaterial_299'                                   1  'CityEngineMaterial_186_mat(1),'                      32 
			323  'mesh_CityEngineMaterial_300'                                   1  'CityEngineMaterial_103_mat(1),'                      22 
			324  'mesh_CityEngineMaterial_301'                                   1  'CityEngineMaterial_27_mat(1),'                       70 
			325  'mesh_CityEngineMaterial_302'                                   1  'CityEngineMaterial_203_mat(1),'                     108 
			326  'mesh_CityEngineMaterial_303'                                   1  'CityEngineMaterial_286_mat(1),'                      33 
			327  'mesh_CityEngineMaterial_304'                                   1  'CityEngineMaterial_326_mat(1),'                      61 
			328  'mesh_CityEngineMaterial_305'                                   1  'CityEngineMaterial_138_mat(1),'                       9 
			329  'mesh_CityEngineMaterial_306'                                   1  'CityEngineMaterial_16_mat(1),'                       71 
			330  'mesh_CityEngineMaterial_307'                                   1  'CityEngineMaterial_261_mat(1),'                       2 
			331  'mesh_CityEngineMaterial_308'                                   1  'CityEngineMaterial_106_mat(1),'                      11 
			332  'mesh_CityEngineMaterial_309'                                   1  'CityEngineMaterial_170_mat(1),'                      71 
			333  'mesh_CityEngineMaterial_310'                                   1  'CityEngineMaterial_85_mat(1),'                       98 
			334  'mesh_CityEngineMaterial_311'                                   1  'CityEngineMaterial_319_mat(1),'                      27 
			335  'mesh_CityEngineMaterial_312'                                   1  'CityEngineMaterial_129_mat(1),'                       9 
			336  'mesh_CityEngineMaterial_313'                                   1  'CityEngineMaterial_104_mat(1),'                       8 
			337  'mesh_CityEngineMaterial_314'                                   1  'CityEngineMaterial_175_mat(1),'                      14 
			338  'mesh_CityEngineMaterial_315'                                   1  'CityEngineMaterial_200_mat(1),'                       6 
			339  'mesh_CityEngineMaterial_316'                                   1  'CityEngineMaterial_248_mat(1),'                       9 
			340  'mesh_CityEngineMaterial_317'                                   1  'CityEngineMaterial_231_mat(1),'                      38 
			341  'mesh_CityEngineMaterial_318'                                   1  'CityEngineMaterial_290_mat(1),'                      38 
			342  'mesh_CityEngineMaterial_319'                                   1  'CityEngineMaterial_190_mat(1),'                      17 
			343  'mesh_CityEngineMaterial_320'                                   1  'CityEngineMaterial_292_mat(1),'                      29 
			344  'mesh_CityEngineMaterial_321'                                   1  'CityEngineMaterial_58_mat(1),'                      135 
			345  'mesh_CityEngineMaterial_322'                                   1  'CityEngineMaterial_183_mat(1),'                      94 
			346  'mesh_CityEngineMaterial_323'                                   1  'CityEngineMaterial_119_mat(1),'                     145 
			347  'mesh_CityEngineMaterial_324'                                   1  'CityEngineMaterial_252_mat(1),'                      32 
			348  'mesh_CityEngineMaterial_325'                                   1  'CityEngineMaterial_289_mat(1),'                     101 
			349  'mesh_CityEngineMaterial_326'                                   1  'CityEngineMaterial_251_mat(1),'                       5 
			350  'mesh_CityEngineMaterial_327'                                   1  'CityEngineMaterial_109_mat(1),'                      13 
			351  'mesh_CityEngineMaterial_328'                                   1  'CityEngineMaterial_274_mat(1),'                      33 
			352  'mesh_CityEngineMaterial_329'                                   1  'CityEngineMaterial_116_mat(1),'                      39 
			353  'mesh_CityEngineMaterial_330'                                   1  'CityEngineMaterial_307_mat(1),'                       4 
			354  'mesh_CityEngineMaterial_331'                                   1  'CityEngineMaterial_302_mat(1),'                       4 
			355  'mesh_CityEngineMaterial_332'                                   1  'CityEngineMaterial_69_mat(1),'                       22 
			356  'mesh_CityEngineMaterial_333'                                   1  'CityEngineMaterial_312_mat(1),'                       4 
			357  'mesh_CityEngineMaterial_334'                                   1  'CityEngineMaterial_78_mat(1),'                      271 
			358  'mesh_CityEngineMaterial_335'                                   1  'CityEngineMaterial_140_mat(1),'                       8 
			359  'mesh_CityEngineMaterial_336'                                   1  'CityEngineMaterial_75_mat(1),'                       11 
			360  'mesh_CityEngineMaterial_337'                                   1  'CityEngineMaterial_17_mat(1),'                      194 
		MATERIAL:
			Total Materials: 360
			    | Name                                     | Texture_0                                  | Texture_1                        
			====+==========================================+============================================+==================================
			  1  'material_mat'                             'Taxi_0.jpg'                                 ''                                
			  2  'material_1_mat'                           'Taxi_1.png'                                 'Taxi_1.png'                      
			  3  'material_2_mat'                           'Ford_Edge_0.jpg'                            ''                                
			  4  'material_3_mat'                           'Taxi_1.png'                                 'Taxi_1.png'                      
			  5  'material_4_mat'                           'CastaneaDentata_0.png'                      'CastaneaDentata_0.png'           
			  6  'material_5_mat'                           'CaryaOvalis_0.png'                          'CaryaOvalis_0.png'               
			  7  'material_6_mat'                           'MagnoliaGrandiflora_0.png'                  'MagnoliaGrandiflora_0.png'       
			  8  'material_7_mat'                           'AcerSaccharum_0.png'                        'AcerSaccharum_0.png'             
			  9  'material_8_mat'                           'QuercusRubra_0.png'                         'QuercusRubra_0.png'              
			 10  'material_9_mat'                           'QuercusAlba_0.png'                          'QuercusAlba_0.png'               
			 11  'material_10_mat'                          'PinusSylvestris_0.png'                      'PinusSylvestris_0.png'           
			 12  'material_11_mat'                          'PseudotsugaMenziesii_0.png'                 'PseudotsugaMenziesii_0.png'      
			 13  'material_12_mat'                          'PinusContorta_0.png'                        'PinusContorta_0.png'             
			 14  'material_13_mat'                          'SequoiaSempervirens_0.png'                  'SequoiaSempervirens_0.png'       
			 15  'material_14_mat'                          'SequoiadendronGiganteum_0.png'              'SequoiadendronGiganteum_0.png'   
			 16  'material_15_mat'                          'PlatanusOccidentalis_0.png'                 'PlatanusOccidentalis_0.png'      
			 17  'material_16_mat'                          'SassafrasAlbidum_0.png'                     'SassafrasAlbidum_0.png'          
			 18  'material_17_mat'                          'JuglansRegia_0.png'                         'JuglansRegia_0.png'              
			 19  'CityEngineMaterial_131_mat'               'flatRoof_5.jpg'                             'flatRoof_5.jpg'                  
			 20  'CityEngineMaterial_127_mat'               'flatRoof_19.jpg'                            'flatRoof_19.jpg'                 
			 21  'CityEngineMaterial_46_mat'                'u_f002_t001_Industry_000.jpg'               ''                                
			 22  'CityEngineMaterial_173_mat'               'g_f001_t006_Service_013.jpg'                ''                                
			 23  'CityEngineMaterial_226_mat'               'flatRoof_2.jpg'                             'flatRoof_2.jpg'                  
			 24  'CityEngineMaterial_143_mat'               'g_f001_t006_Residential_035.jpg'            ''                                
			 25  'CityEngineMaterial_164_mat'               'flatRoof_1.jpg'                             'flatRoof_1.jpg'                  
			 26  'CityEngineMaterial_56_mat'                'flatRoof_22.jpg'                            'flatRoof_22.jpg'                 
			 27  'CityEngineMaterial_24_mat'                'g_f002_t006_Residential_001.jpg'            ''                                
			 28  'CityEngineMaterial_209_mat'               'g_f001_t006_Unknown_000.jpg'                ''                                
			 29  'CityEngineMaterial_257_mat'               'g_f001_t006_Residential_017.jpg'            ''                                
			 30  'CityEngineMaterial_135_mat'               'flatRoof_4.jpg'                             'flatRoof_4.jpg'                  
			 31  'CityEngineMaterial_250_mat'               'g_f001_t006_Service_017.jpg'                ''                                
			 32  'CityEngineMaterial_153_mat'               'g_f001_t005_Residential_002.jpg'            ''                                
			 33  'CityEngineMaterial_298_mat'               'u_f003_t003_Residential_002.jpg'            ''                                
			 34  'CityEngineMaterial_89_mat'                'flatRoof_36.jpg'                            'flatRoof_36.jpg'                 
			 35  'CityEngineMaterial_232_mat'               'flatRoof_16.jpg'                            'flatRoof_16.jpg'                 
			 36  'CityEngineShapeMaterial_mat'              ''                                           ''                                
			 37  'CityEngineMaterial_159_mat'               'g_f001_t006_Residential_033.jpg'            ''                                
			 38  'CityEngineMaterial_328_mat'               'u_f004_t006_Residential_008.jpg'            ''                                
			 39  'CityEngineMaterial_13_mat'                'g_f001_t006_Residential_031.jpg'            ''                                
			 40  'CityEngineMaterial_41_mat'                'flatRoof_37.jpg'                            'flatRoof_37.jpg'                 
			 41  'CityEngineMaterial_28_mat'                'u_f002_t003_Residential_000.jpg'            ''                                
			 42  'CityEngineMaterial_260_mat'               'g_f001_t006_Service_005.jpg'                ''                                
			 43  'CityEngineMaterial_197_mat'               'g_f001_t006_Residential_015.jpg'            ''                                
			 44  'CityEngineMaterial_47_mat'                'flatRoof_20.jpg'                            'flatRoof_20.jpg'                 
			 45  'CityEngineMaterial_207_mat'               'flatRoof_28.jpg'                            'flatRoof_28.jpg'                 
			 46  'CityEngineMaterial_199_mat'               'g_f002_t002_Residential_000.jpg'            ''                                
			 47  'CityEngineMaterial_37_mat'                'g_f001_t006_Residential_000.jpg'            ''                                
			 48  'CityEngineMaterial_65_mat'                'flatRoof_9.jpg'                             'flatRoof_9.jpg'                  
			 49  'CityEngineMaterial_52_mat'                'g_f001_t006_Residential_036.jpg'            ''                                
			 50  'CityEngineMaterial_99_mat'                'g_f001_t005_Residential_000.jpg'            ''                                
			 51  'CityEngineMaterial_253_mat'               'g_f001_t006_Residential_013.jpg'            ''                                
			 52  'CityEngineMaterial_230_mat'               'flatRoof_35.jpg'                            'flatRoof_35.jpg'                 
			 53  'CityEngineMaterial_97_mat'                'g_f001_t006_Residential_026.jpg'            ''                                
			 54  'CityEngineMaterial_212_mat'               'flatRoof_27.jpg'                            'flatRoof_27.jpg'                 
			 55  'CityEngineMaterial_265_mat'               'flatRoof_28.jpg'                            'flatRoof_28.jpg'                 
			 56  'CityEngineMaterial_150_mat'               'flatRoof_37.jpg'                            'flatRoof_37.jpg'                 
			 57  'CityEngineMaterial_105_mat'               'g_f001_t003_Residential_011.jpg'            ''                                
			 58  'CityEngineMaterial_3_mat'                 ''                                           ''                                
			 59  'CityEngineMaterial_296_mat'               'u_f003_t003_Residential_001.jpg'            ''                                
			 60  'Asphalt_Standard_2x2_cBasaltGrey_mat'     'Asphalt_Standard_2x2_cBasaltGrey_Color.jpg' 'Asphalt_Standard_2x2_Normal.jpg' 
			 61  'CityEngineMaterial_322_mat'               'u_f003_t003_Residential_003.jpg'            ''                                
			 62  'Markings_Standard_1x1_cPureWhite_mat'     'Markings_Standard_1x1_cPureWhite_Color.jpg' 'Markings_Standard_1x1_Normal.jpg'
			 63  'CityEngineMaterial_108_mat'               'flatRoof_17.jpg'                            'flatRoof_17.jpg'                 
			 64  'CityEngineMaterial_208_mat'               'flatRoof_8.jpg'                             'flatRoof_8.jpg'                  
			 65  'CityEngineMaterial_177_mat'               'flatRoof_35.jpg'                            'flatRoof_35.jpg'                 
			 66  'CityEngineMaterial_96_mat'                'flatRoof_16.jpg'                            'flatRoof_16.jpg'                 
			 67  'CityEngineMaterial_233_mat'               'g_f001_t008_Mercantile_000.jpg'             ''                                
			 68  'CityEngineMaterial_20_mat'                'flatRoof_26.jpg'                            'flatRoof_26.jpg'                 
			 69  'CityEngineMaterial_320_mat'               'u_f004_t006_Residential_015.jpg'            ''                                
			 70  'CityEngineMaterial_180_mat'               'g_f001_t004_Residential_002.jpg'            ''                                
			 71  'CityEngineMaterial_36_mat'                'flatRoof_30.jpg'                            'flatRoof_30.jpg'                 
			 72  'CityEngineMaterial_168_mat'               'flatRoof_11.jpg'                            'flatRoof_11.jpg'                 
			 73  'CityEngineMaterial_33_mat'                'flatRoof_36.jpg'                            'flatRoof_36.jpg'                 
			 74  'CityEngineMaterial_62_mat'                'g_f001_t006_Residential_006.jpg'            ''                                
			 75  'CityEngineMaterial_126_mat'               'g_f001_t006_Residential_003.jpg'            ''                                
			 76  'CityEngineMaterial_155_mat'               'g_f001_t004_Residential_003.jpg'            ''                                
			 77  'CityEngineMaterial_201_mat'               'flatRoof_7.jpg'                             'flatRoof_7.jpg'                  
			 78  'CityEngineMaterial_15_mat'                'flatRoof_18.jpg'                            'flatRoof_18.jpg'                 
			 79  'CityEngineMaterial_67_mat'                'flatRoof_38.jpg'                            'flatRoof_38.jpg'                 
			 80  'CityEngineMaterial_23_mat'                'flatRoof_33.jpg'                            'flatRoof_33.jpg'                 
			 81  'CityEngineMaterial_310_mat'               'u_f005_t006_Mercantile_003.jpg'             ''                                
			 82  'CityEngineMaterial_111_mat'               'u_f002_t004_Residential_006.jpg'            ''                                
			 83  'CityEngineMaterial_198_mat'               'flatRoof_16.jpg'                            'flatRoof_16.jpg'                 
			 84  'CityEngineMaterial_244_mat'               'flatRoof_15.jpg'                            'flatRoof_15.jpg'                 
			 85  'CityEngineMaterial_247_mat'               'flatRoof_40.jpg'                            'flatRoof_40.jpg'                 
			 86  'CityEngineMaterial_122_mat'               'flatRoof_30.jpg'                            'flatRoof_30.jpg'                 
			 87  'CityEngineMaterial_268_mat'               'u_f003_t001_Assembly_000.jpg'               ''                                
			 88  'CityEngineMaterial_174_mat'               'flatRoof_39.jpg'                            'flatRoof_39.jpg'                 
			 89  'CityEngineMaterial_7_mat'                 'g_f001_t006_Residential_004.jpg'            ''                                
			 90  'CityEngineMaterial_204_mat'               'flatRoof_3.jpg'                             'flatRoof_3.jpg'                  
			 91  'CityEngineMaterial_113_mat'               'g_f001_t002_Residential_002.jpg'            ''                                
			 92  'CityEngineMaterial_120_mat'               'flatRoof_13.jpg'                            'flatRoof_13.jpg'                 
			 93  'CityEngineMaterial_35_mat'                'u_f002_t002_Residential_007.jpg'            ''                                
			 94  'CityEngineMaterial_330_mat'               'u_f004_t027_Residential_000.jpg'            ''                                
			 95  'CityEngineMaterial_308_mat'               'u_f009_t007_Residential_000.jpg'            ''                                
			 96  'CityEngineMaterial_73_mat'                'g_f001_t006_Residential_025.jpg'            ''                                
			 97  'CityEngineMaterial_53_mat'                'flatRoof_27.jpg'                            'flatRoof_27.jpg'                 
			 98  'CityEngineMaterial_246_mat'               'flatRoof_20.jpg'                            'flatRoof_20.jpg'                 
			 99  'CityEngineMaterial_314_mat'               'u_f004_t006_Industry_001.jpg'               ''                                
			100  'CityEngineMaterial_191_mat'               'flatRoof_21.jpg'                            'flatRoof_21.jpg'                 
			101  'CityEngineMaterial_256_mat'               'flatRoof_40.jpg'                            'flatRoof_40.jpg'                 
			102  'CityEngineMaterial_55_mat'                'u_f002_t002_Residential_001.jpg'            ''                                
			103  'CityEngineMaterial_264_mat'               'flatRoof_8.jpg'                             'flatRoof_8.jpg'                  
			104  'CityEngineMaterial_38_mat'                'u_f002_t004_Residential_003.jpg'            ''                                
			105  'CityEngineMaterial_283_mat'               'flatRoof_14.jpg'                            'flatRoof_14.jpg'                 
			106  'CityEngineMaterial_160_mat'               'flatRoof_25.jpg'                            'flatRoof_25.jpg'                 
			107  'CityEngineMaterial_263_mat'               'flatRoof_4.jpg'                             'flatRoof_4.jpg'                  
			108  'CityEngineMaterial_156_mat'               'flatRoof_6.jpg'                             'flatRoof_6.jpg'                  
			109  'CityEngineMaterial_39_mat'                'flatRoof_1.jpg'                             'flatRoof_1.jpg'                  
			110  'CityEngineMaterial_87_mat'                'g_f001_t006_Residential_030.jpg'            ''                                
			111  'CityEngineMaterial_72_mat'                'flatRoof_29.jpg'                            'flatRoof_29.jpg'                 
			112  'CityEngineMaterial_118_mat'               'g_f001_t006_Residential_022.jpg'            ''                                
			113  'CityEngineMaterial_22_mat'                'u_f002_t002_Residential_009.jpg'            ''                                
			114  'CityEngineMaterial_114_mat'               'u_f002_t002_Residential_010.jpg'            ''                                
			115  'CityEngineMaterial_30_mat'                'g_f001_t003_Residential_007.jpg'            ''                                
			116  'CityEngineMaterial_303_mat'               'u_f005_t003_Residential_003.jpg'            ''                                
			117  'CityEngineMaterial_240_mat'               'g_f001_t006_Service_003.jpg'                ''                                
			118  'CityEngineMaterial_57_mat'                'flatRoof_23.jpg'                            'flatRoof_23.jpg'                 
			119  'CityEngineMaterial_295_mat'               'u_f004_t003_Residential_000.jpg'            ''                                
			120  'Asphalt_TireMarkings_2x2_cBasaltGrey_mat' 'Asphalt_Standard_2x2_cBasaltGrey_Color.jpg' 'Asphalt_Standard_2x2_Normal.jpg' 
			121  'CityEngineMaterial_228_mat'               'flatRoof_10.jpg'                            'flatRoof_10.jpg'                 
			122  'CityEngineMaterial_81_mat'                'flatRoof_10.jpg'                            'flatRoof_10.jpg'                 
			123  'CityEngineMaterial_100_mat'               'u_f002_t002_Residential_003.jpg'            ''                                
			124  'CityEngineMaterial_306_mat'               'u_f005_t006_Residential_008.jpg'            ''                                
			125  'CityEngineMaterial_242_mat'               'g_f001_t007_Educational_000.jpg'            ''                                
			126  'CityEngineMaterial_331_mat'               'u_f004_t008_Residential_000.jpg'            ''                                
			127  'CityEngineMaterial_151_mat'               'flatRoof_10.jpg'                            'flatRoof_10.jpg'                 
			128  'CityEngineMaterial_266_mat'               'flatRoof_34.jpg'                            'flatRoof_34.jpg'                 
			129  'CityEngineMaterial_275_mat'               'u_f001_t002_Residential_014.jpg'            ''                                
			130  'CityEngineMaterial_54_mat'                'g_f001_t006_Residential_028.jpg'            ''                                
			131  'CityEngineMaterial_19_mat'                'g_f001_t006_Residential_034.jpg'            ''                                
			132  'CityEngineMaterial_107_mat'               'g_f001_t006_Residential_027.jpg'            ''                                
			133  'CityEngineMaterial_49_mat'                'flatRoof_7.jpg'                             'flatRoof_7.jpg'                  
			134  'CityEngineMaterial_4_mat'                 'g_f001_t007_Residential_000.jpg'            ''                                
			135  'CityEngineMaterial_234_mat'               'flatRoof_21.jpg'                            'flatRoof_21.jpg'                 
			136  'CityEngineMaterial_270_mat'               'u_f001_t003_Residential_006.jpg'            ''                                
			137  'CityEngineMaterial_258_mat'               'g_f001_t006_Residential_011.jpg'            ''                                
			138  'CityEngineMaterial_21_mat'                'g_f001_t002_Residential_000.jpg'            ''                                
			139  'CityEngineMaterial_86_mat'                'flatRoof_32.jpg'                            'flatRoof_32.jpg'                 
			140  'CityEngineMaterial_187_mat'               'g_f001_t006_Residential_010.jpg'            ''                                
			141  'CityEngineMaterial_272_mat'               'u_f001_t002_Residential_002.jpg'            ''                                
			142  'CityEngineMaterial_329_mat'               'u_f004_t006_Industry_002.jpg'               ''                                
			143  'CityEngineMaterial_222_mat'               'g_f001_t006_Residential_023.jpg'            ''                                
			144  'CityEngineMaterial_25_mat'                'u_f002_t002_Residential_006.jpg'            ''                                
			145  'CityEngineMaterial_259_mat'               'flatRoof_7.jpg'                             'flatRoof_7.jpg'                  
			146  'CityEngineMaterial_50_mat'                'g_f001_t003_Residential_001.jpg'            ''                                
			147  'CityEngineMaterial_139_mat'               'g_f001_t002_Residential_003.jpg'            ''                                
			148  'CityEngineMaterial_14_mat'                'u_f002_t003_Public_000.jpg'                 ''                                
			149  'CityEngineMaterial_221_mat'               'flatRoof_4.jpg'                             'flatRoof_4.jpg'                  
			150  'CityEngineMaterial_144_mat'               'g_f001_t006_Service_011.jpg'                ''                                
			151  'CityEngineMaterial_215_mat'               'flatRoof_12.jpg'                            'flatRoof_12.jpg'                 
			152  'CityEngineMaterial_98_mat'                'flatRoof_17.jpg'                            'flatRoof_17.jpg'                 
			153  'CityEngineMaterial_121_mat'               'g_f001_t003_Residential_000.jpg'            ''                                
			154  'CityEngineMaterial_335_mat'               'u_f004_t002_Agricultural_000.jpg'           ''                                
			155  'CityEngineMaterial_90_mat'                'g_f001_t003_Residential_004.jpg'            ''                                
			156  'CityEngineMaterial_149_mat'               'g_f001_t006_Residential_021.jpg'            ''                                
			157  'CityEngineMaterial_245_mat'               'g_f001_t006_Service_015.jpg'                ''                                
			158  'CityEngineMaterial_59_mat'                'flatRoof_18.jpg'                            'flatRoof_18.jpg'                 
			159  'CityEngineMaterial_318_mat'               'flatRoof_6.jpg'                             'flatRoof_6.jpg'                  
			160  'CityEngineMaterial_115_mat'               'flatRoof_34.jpg'                            'flatRoof_34.jpg'                 
			161  'CityEngineMaterial_193_mat'               'flatRoof_13.jpg'                            'flatRoof_13.jpg'                 
			162  'CityEngineMaterial_9_mat'                 'flatRoof_11.jpg'                            'flatRoof_11.jpg'                 
			163  'CityEngineMaterial_61_mat'                'flatRoof_31.jpg'                            'flatRoof_31.jpg'                 
			164  'CityEngineMaterial_125_mat'               'flatRoof_6.jpg'                             'flatRoof_6.jpg'                  
			165  'CityEngineMaterial_279_mat'               'u_f001_t003_Residential_003.jpg'            ''                                
			166  'CityEngineMaterial_309_mat'               'g_f001_t006_Service_009.jpg'                ''                                
			167  'CityEngineMaterial_102_mat'               'g_f001_t006_Residential_018.jpg'            ''                                
			168  'CityEngineMaterial_277_mat'               'u_f001_t002_Residential_010.jpg'            ''                                
			169  'CityEngineMaterial_282_mat'               'u_f001_t001_Agricultural_000.jpg'           ''                                
			170  'CityEngineMaterial_171_mat'               'flatRoof_40.jpg'                            'flatRoof_40.jpg'                 
			171  'CityEngineMaterial_94_mat'                'g_f001_t006_Residential_016.jpg'            ''                                
			172  'CityEngineMaterial_267_mat'               'flatRoof_17.jpg'                            'flatRoof_17.jpg'                 
			173  'CityEngineMaterial_323_mat'               'u_f004_t006_Residential_005.jpg'            ''                                
			174  'CityEngineMaterial_172_mat'               'flatRoof_12.jpg'                            'flatRoof_12.jpg'                 
			175  'CityEngineMaterial_188_mat'               'flatRoof_15.jpg'                            'flatRoof_15.jpg'                 
			176  'CityEngineMaterial_317_mat'               'u_f006_t011_Industry_000.jpg'               ''                                
			177  'CityEngineMaterial_281_mat'               'u_f001_t003_Residential_009.jpg'            ''                                
			178  'CityEngineMaterial_273_mat'               'u_f001_t003_Residential_005.jpg'            ''                                
			179  'CityEngineMaterial_176_mat'               'g_f001_t006_Residential_032.jpg'            ''                                
			180  'CityEngineMaterial_68_mat'                'g_f001_t006_Residential_005.jpg'            ''                                
			181  'CityEngineMaterial_325_mat'               'u_f005_t003_Residential_001.jpg'            ''                                
			182  'CityEngineMaterial_192_mat'               'g_f001_t007_Office_000.jpg'                 ''                                
			183  'CityEngineMaterial_158_mat'               'flatRoof_35.jpg'                            'flatRoof_35.jpg'                 
			184  'CityEngineMaterial_195_mat'               'flatRoof_18.jpg'                            'flatRoof_18.jpg'                 
			185  'CityEngineMaterial_70_mat'                'flatRoof_19.jpg'                            'flatRoof_19.jpg'                 
			186  'CityEngineMaterial_179_mat'               'g_f001_t006_Service_010.jpg'                ''                                
			187  'CityEngineMaterial_95_mat'                'u_f002_t003_Office_000.jpg'                 ''                                
			188  'CityEngineMaterial_224_mat'               'u_f002_t003_Mercantile_002.jpg'             ''                                
			189  'CityEngineMaterial_124_mat'               'u_f002_t004_Residential_000.jpg'            ''                                
			190  'CityEngineMaterial_18_mat'                'flatRoof_8.jpg'                             'flatRoof_8.jpg'                  
			191  'CityEngineMaterial_321_mat'               'u_f004_t006_Residential_016.jpg'            ''                                
			192  'CityEngineMaterial_288_mat'               'u_f003_t005_Residential_001.jpg'            ''                                
			193  'CityEngineMaterial_255_mat'               'flatRoof_27.jpg'                            'flatRoof_27.jpg'                 
			194  'CityEngineMaterial_241_mat'               'flatRoof_19.jpg'                            'flatRoof_19.jpg'                 
			195  'CityEngineMaterial_227_mat'               'flatRoof_9.jpg'                             'flatRoof_9.jpg'                  
			196  'CityEngineMaterial_336_mat'               'g_f002_t007_Industry_001.jpg'               ''                                
			197  'CityEngineMaterial_205_mat'               'g_f001_t006_Residential_012.jpg'            ''                                
			198  'CityEngineMaterial_26_mat'                'flatRoof_29.jpg'                            'flatRoof_29.jpg'                 
			199  'CityEngineMaterial_51_mat'                'flatRoof_35.jpg'                            'flatRoof_35.jpg'                 
			200  'CityEngineMaterial_48_mat'                'g_f001_t004_Residential_004.jpg'            ''                                
			201  'CityEngineMaterial_88_mat'                'flatRoof_23.jpg'                            'flatRoof_23.jpg'                 
			202  'CityEngineMaterial_237_mat'               'flatRoof_14.jpg'                            'flatRoof_14.jpg'                 
			203  'CityEngineMaterial_44_mat'                'flatRoof_39.jpg'                            'flatRoof_39.jpg'                 
			204  'CityEngineMaterial_182_mat'               'flatRoof_1.jpg'                             'flatRoof_1.jpg'                  
			205  'CityEngineMaterial_280_mat'               'u_f001_t002_Residential_015.jpg'            ''                                
			206  'CityEngineMaterial_1_mat'                 'u_f002_t003_Residential_003.jpg'            ''                                
			207  'CityEngineMaterial_305_mat'               'u_f005_t004_Residential_001.jpg'            ''                                
			208  'CityEngineMaterial_301_mat'               'u_f005_t006_Residential_014.jpg'            ''                                
			209  'CityEngineMaterial_12_mat'                'flatRoof_39.jpg'                            'flatRoof_39.jpg'                 
			210  'CityEngineMaterial_334_mat'               'u_f004_t006_Residential_010.jpg'            ''                                
			211  'CityEngineMaterial_165_mat'               'g_f001_t006_Residential_020.jpg'            ''                                
			212  'CityEngineMaterial_236_mat'               'flatRoof_31.jpg'                            'flatRoof_31.jpg'                 
			213  'CityEngineMaterial_287_mat'               'u_f003_t004_Other_000.jpg'                  ''                                
			214  'CityEngineMaterial_337_mat'               'u_f004_t006_Industry_004.jpg'               ''                                
			215  'CityEngineMaterial_71_mat'                'g_f002_t006_Residential_000.jpg'            ''                                
			216  'CityEngineMaterial_278_mat'               'u_f001_t002_Residential_004.jpg'            ''                                
			217  'CityEngineMaterial_300_mat'               'u_f003_t002_Residential_003.jpg'            ''                                
			218  'CityEngineMaterial_311_mat'               'flatRoof_2.jpg'                             'flatRoof_2.jpg'                  
			219  'CityEngineMaterial_101_mat'               'flatRoof_24.jpg'                            'flatRoof_24.jpg'                 
			220  'CityEngineMaterial_218_mat'               'flatRoof_28.jpg'                            'flatRoof_28.jpg'                 
			221  'CityEngineMaterial_79_mat'                'flatRoof_5.jpg'                             'flatRoof_5.jpg'                  
			222  'CityEngineMaterial_238_mat'               'flatRoof_32.jpg'                            'flatRoof_32.jpg'                 
			223  'CityEngineMaterial_77_mat'                'g_f001_t003_Residential_013.jpg'            ''                                
			224  'CityEngineMaterial_60_mat'                'g_f002_t006_Residential_007.jpg'            ''                                
			225  'CityEngineMaterial_269_mat'               'u_f003_t005_Residential_000.jpg'            ''                                
			226  'CityEngineMaterial_32_mat'                'g_f001_t003_Residential_003.jpg'            ''                                
			227  'CityEngineMaterial_166_mat'               'flatRoof_16.jpg'                            'flatRoof_16.jpg'                 
			228  'CityEngineMaterial_63_mat'                'flatRoof_12.jpg'                            'flatRoof_12.jpg'                 
			229  'CityEngineMaterial_64_mat'                'g_f001_t005_Residential_003.jpg'            ''                                
			230  'CityEngineMaterial_80_mat'                'g_f001_t006_Residential_002.jpg'            ''                                
			231  'CityEngineMaterial_31_mat'                'flatRoof_38.jpg'                            'flatRoof_38.jpg'                 
			232  'CityEngineMaterial_249_mat'               'flatRoof_18.jpg'                            'flatRoof_18.jpg'                 
			233  'CityEngineMaterial_110_mat'               'g_f001_t006_Residential_007.jpg'            ''                                
			234  'CityEngineMaterial_6_mat'                 'flatRoof_27.jpg'                            'flatRoof_27.jpg'                 
			235  'CityEngineMaterial_167_mat'               'flatRoof_8.jpg'                             'flatRoof_8.jpg'                  
			236  'CityEngineMaterial_304_mat'               'u_f005_t006_Industry_007.jpg'               ''                                
			237  'CityEngineMaterial_2_mat'                 'flatRoof_38.jpg'                            'flatRoof_38.jpg'                 
			238  'CityEngineMaterial_142_mat'               'flatRoof_40.jpg'                            'flatRoof_40.jpg'                 
			239  'CityEngineMaterial_217_mat'               'g_f002_t006_Residential_003.jpg'            ''                                
			240  'CityEngineMaterial_216_mat'               'g_f001_t006_Residential_019.jpg'            ''                                
			241  'CityEngineMaterial_284_mat'               'u_f001_t002_Residential_006.jpg'            ''                                
			242  'CityEngineMaterial_202_mat'               'flatRoof_9.jpg'                             'flatRoof_9.jpg'                  
			243  'CityEngineMaterial_297_mat'               'u_f003_t008_Residential_000.jpg'            ''                                
			244  'CityEngineMaterial_163_mat'               'g_f001_t006_Service_006.jpg'                ''                                
			245  'CityEngineMaterial_313_mat'               'u_f009_t004_Residential_000.jpg'            ''                                
			246  'CityEngineMaterial_11_mat'                'g_f001_t003_Residential_008.jpg'            ''                                
			247  'CityEngineMaterial_184_mat'               'flatRoof_28.jpg'                            'flatRoof_28.jpg'                 
			248  'CityEngineMaterial_181_mat'               'flatRoof_6.jpg'                             'flatRoof_6.jpg'                  
			249  'CityEngineMaterial_194_mat'               'flatRoof_5.jpg'                             'flatRoof_5.jpg'                  
			250  'CityEngineMaterial_42_mat'                'g_f001_t002_Residential_001.jpg'            ''                                
			251  'CityEngineMaterial_285_mat'               'u_f001_t004_Residential_002.jpg'            ''                                
			252  'CityEngineMaterial_154_mat'               'g_f002_t006_Residential_006.jpg'            ''                                
			253  'CityEngineMaterial_293_mat'               'u_f003_t004_Residential_000.jpg'            ''                                
			254  'CityEngineMaterial_145_mat'               'flatRoof_2.jpg'                             'flatRoof_2.jpg'                  
			255  'CityEngineMaterial_161_mat'               'g_f001_t006_Service_016.jpg'                ''                                
			256  'CityEngineMaterial_134_mat'               'g_f001_t003_Residential_010.jpg'            ''                                
			257  'CityEngineMaterial_206_mat'               'flatRoof_15.jpg'                            'flatRoof_15.jpg'                 
			258  'CityEngineMaterial_66_mat'                'flatRoof_31.jpg'                            'flatRoof_31.jpg'                 
			259  'CityEngineMaterial_189_mat'               'g_f001_t007_Mercantile_000.jpg'             ''                                
			260  'CityEngineMaterial_276_mat'               'u_f001_t002_Residential_009.jpg'            ''                                
			261  'CityEngineMaterial_82_mat'                'flatRoof_9.jpg'                             'flatRoof_9.jpg'                  
			262  'CityEngineMaterial_74_mat'                'u_f002_t002_Residential_000.jpg'            ''                                
			263  'CityEngineMaterial_29_mat'                'flatRoof_36.jpg'                            'flatRoof_36.jpg'                 
			264  'CityEngineMaterial_229_mat'               'flatRoof_22.jpg'                            'flatRoof_22.jpg'                 
			265  'CityEngineMaterial_178_mat'               'flatRoof_30.jpg'                            'flatRoof_30.jpg'                 
			266  'CityEngineMaterial_93_mat'                'flatRoof_32.jpg'                            'flatRoof_32.jpg'                 
			267  'CityEngineMaterial_45_mat'                'g_f001_t007_Mercantile_001.jpg'             ''                                
			268  'CityEngineMaterial_262_mat'               'g_f001_t006_Service_000.jpg'                ''                                
			269  'CityEngineMaterial_327_mat'               'flatRoof_27.jpg'                            'flatRoof_27.jpg'                 
			270  'CityEngineMaterial_152_mat'               'flatRoof_29.jpg'                            'flatRoof_29.jpg'                 
			271  'CityEngineMaterial_271_mat'               'u_f001_t003_Residential_008.jpg'            ''                                
			272  'CityEngineMaterial_235_mat'               'flatRoof_22.jpg'                            'flatRoof_22.jpg'                 
			273  'CityEngineMaterial_130_mat'               'g_f001_t004_Residential_000.jpg'            ''                                
			274  'CityEngineMaterial_84_mat'                'flatRoof_19.jpg'                            'flatRoof_19.jpg'                 
			275  'CityEngineMaterial_225_mat'               'flatRoof_14.jpg'                            'flatRoof_14.jpg'                 
			276  'CityEngineMaterial_332_mat'               'u_f004_t006_Industry_000.jpg'               ''                                
			277  'CityEngineMaterial_254_mat'               'flatRoof_5.jpg'                             'flatRoof_5.jpg'                  
			278  'CityEngineMaterial_133_mat'               'flatRoof_2.jpg'                             'flatRoof_2.jpg'                  
			279  'CityEngineMaterial_141_mat'               'flatRoof_22.jpg'                            'flatRoof_22.jpg'                 
			280  'CityEngineMaterial_157_mat'               'flatRoof_38.jpg'                            'flatRoof_38.jpg'                 
			281  'CityEngineMaterial_299_mat'               'u_f003_t002_Residential_002.jpg'            ''                                
			282  'CityEngineMaterial_291_mat'               'u_f003_t003_Residential_004.jpg'            ''                                
			283  'CityEngineMaterial_196_mat'               'flatRoof_23.jpg'                            'flatRoof_23.jpg'                 
			284  'CityEngineMaterial_213_mat'               'flatRoof_3.jpg'                             'flatRoof_3.jpg'                  
			285  'CityEngineMaterial_136_mat'               'flatRoof_31.jpg'                            'flatRoof_31.jpg'                 
			286  'CityEngineMaterial_128_mat'               'g_f001_t006_Residential_001.jpg'            ''                                
			287  'CityEngineMaterial_185_mat'               'flatRoof_15.jpg'                            'flatRoof_15.jpg'                 
			288  'CityEngineMaterial_132_mat'               'g_f001_t006_Service_012.jpg'                ''                                
			289  'CityEngineMaterial_316_mat'               'u_f004_t006_Industry_003.jpg'               ''                                
			290  'CityEngineMaterial_8_mat'                 'u_f002_t004_Residential_005.jpg'            ''                                
			291  'CityEngineMaterial_148_mat'               'flatRoof_33.jpg'                            'flatRoof_33.jpg'                 
			292  'CityEngineMaterial_324_mat'               'u_f005_t005_Residential_000.jpg'            ''                                
			293  'CityEngineMaterial_137_mat'               'flatRoof_30.jpg'                            'flatRoof_30.jpg'                 
			294  'CityEngineMaterial_123_mat'               'g_f001_t004_Residential_001.jpg'            ''                                
			295  'CityEngineMaterial_239_mat'               'g_f001_t006_Service_007.jpg'                ''                                
			296  'CityEngineMaterial_83_mat'                'g_f001_t006_Service_001.jpg'                ''                                
			297  'CityEngineMaterial_92_mat'                'flatRoof_10.jpg'                            'flatRoof_10.jpg'                 
			298  'CityEngineMaterial_210_mat'               'g_f001_t006_Residential_009.jpg'            ''                                
			299  'CityEngineMaterial_112_mat'               'flatRoof_12.jpg'                            'flatRoof_12.jpg'                 
			300  'CityEngineMaterial_43_mat'                'flatRoof_33.jpg'                            'flatRoof_33.jpg'                 
			301  'CityEngineMaterial_76_mat'                'g_f002_t006_Residential_005.jpg'            ''                                
			302  'CityEngineMaterial_10_mat'                'flatRoof_11.jpg'                            'flatRoof_11.jpg'                 
			303  'CityEngineMaterial_243_mat'               'flatRoof_37.jpg'                            'flatRoof_37.jpg'                 
			304  'CityEngineMaterial_219_mat'               'flatRoof_3.jpg'                             'flatRoof_3.jpg'                  
			305  'CityEngineMaterial_223_mat'               'flatRoof_29.jpg'                            'flatRoof_29.jpg'                 
			306  'CityEngineMaterial_147_mat'               'flatRoof_39.jpg'                            'flatRoof_39.jpg'                 
			307  'CityEngineMaterial_mat'                   'g_f001_t003_Residential_006.jpg'            ''                                
			308  'CityEngineMaterial_40_mat'                'g_f001_t003_Residential_005.jpg'            ''                                
			309  'CityEngineMaterial_34_mat'                'g_f002_t006_Residential_004.jpg'            ''                                
			310  'CityEngineMaterial_162_mat'               'flatRoof_34.jpg'                            'flatRoof_34.jpg'                 
			311  'CityEngineMaterial_91_mat'                'flatRoof_17.jpg'                            'flatRoof_17.jpg'                 
			312  'CityEngineMaterial_146_mat'               'g_f001_t003_Residential_009.jpg'            ''                                
			313  'CityEngineMaterial_315_mat'               'u_f004_t006_Residential_002.jpg'            ''                                
			314  'CityEngineMaterial_294_mat'               'u_f003_t003_Residential_005.jpg'            ''                                
			315  'CityEngineMaterial_211_mat'               'flatRoof_13.jpg'                            'flatRoof_13.jpg'                 
			316  'CityEngineMaterial_214_mat'               'g_f001_t006_Service_008.jpg'                ''                                
			317  'CityEngineMaterial_5_mat'                 'u_f002_t002_Residential_004.jpg'            ''                                
			318  'CityEngineMaterial_333_mat'               'flatRoof_14.jpg'                            'flatRoof_14.jpg'                 
			319  'CityEngineMaterial_117_mat'               'flatRoof_20.jpg'                            'flatRoof_20.jpg'                 
			320  'CityEngineMaterial_220_mat'               'flatRoof_20.jpg'                            'flatRoof_20.jpg'                 
			321  'CityEngineMaterial_169_mat'               'flatRoof_23.jpg'                            'flatRoof_23.jpg'                 
			322  'CityEngineMaterial_186_mat'               'g_f001_t006_Service_002.jpg'                ''                                
			323  'CityEngineMaterial_103_mat'               'g_f001_t006_Service_004.jpg'                ''                                
			324  'CityEngineMaterial_27_mat'                'g_f001_t003_Residential_002.jpg'            ''                                
			325  'CityEngineMaterial_203_mat'               'g_f002_t006_Residential_002.jpg'            ''                                
			326  'CityEngineMaterial_286_mat'               'u_f003_t004_Residential_001.jpg'            ''                                
			327  'CityEngineMaterial_326_mat'               'u_f004_t006_Residential_004.jpg'            ''                                
			328  'CityEngineMaterial_138_mat'               'flatRoof_23.jpg'                            'flatRoof_23.jpg'                 
			329  'CityEngineMaterial_16_mat'                'g_f001_t005_Residential_001.jpg'            ''                                
			330  'CityEngineMaterial_261_mat'               'flatRoof_36.jpg'                            'flatRoof_36.jpg'                 
			331  'CityEngineMaterial_106_mat'               'flatRoof_4.jpg'                             'flatRoof_4.jpg'                  
			332  'CityEngineMaterial_170_mat'               'g_f001_t003_Residential_012.jpg'            ''                                
			333  'CityEngineMaterial_85_mat'                'g_f001_t001_Residential_000.jpg'            ''                                
			334  'CityEngineMaterial_319_mat'               'u_f005_t003_Residential_000.jpg'            ''                                
			335  'CityEngineMaterial_129_mat'               'flatRoof_1.jpg'                             'flatRoof_1.jpg'                  
			336  'CityEngineMaterial_104_mat'               'flatRoof_33.jpg'                            'flatRoof_33.jpg'                 
			337  'CityEngineMaterial_175_mat'               'flatRoof_32.jpg'                            'flatRoof_32.jpg'                 
			338  'CityEngineMaterial_200_mat'               'flatRoof_37.jpg'                            'flatRoof_37.jpg'                 
			339  'CityEngineMaterial_248_mat'               'flatRoof_7.jpg'                             'flatRoof_7.jpg'                  
			340  'CityEngineMaterial_231_mat'               'g_f001_t006_Residential_014.jpg'            ''                                
			341  'CityEngineMaterial_290_mat'               'u_f003_t003_Residential_000.jpg'            ''                                
			342  'CityEngineMaterial_190_mat'               'g_f001_t007_Office_001.jpg'                 ''                                
			343  'CityEngineMaterial_292_mat'               'u_f003_t004_Public_000.jpg'                 ''                                
			344  'CityEngineMaterial_58_mat'                'g_f001_t006_Residential_029.jpg'            ''                                
			345  'CityEngineMaterial_183_mat'               'g_f001_t021_Residential_000.jpg'            ''                                
			346  'CityEngineMaterial_119_mat'               'g_f001_t006_Residential_008.jpg'            ''                                
			347  'CityEngineMaterial_252_mat'               'g_f001_t006_Residential_024.jpg'            ''                                
			348  'CityEngineMaterial_289_mat'               'u_f004_t004_Residential_000.jpg'            ''                                
			349  'CityEngineMaterial_251_mat'               'flatRoof_13.jpg'                            'flatRoof_13.jpg'                 
			350  'CityEngineMaterial_109_mat'               'flatRoof_21.jpg'                            'flatRoof_21.jpg'                 
			351  'CityEngineMaterial_274_mat'               'u_f001_t002_Residential_001.jpg'            ''                                
			352  'CityEngineMaterial_116_mat'               'g_f001_t006_Service_014.jpg'                ''                                
			353  'CityEngineMaterial_307_mat'               'u_f011_t004_Residential_000.jpg'            ''                                
			354  'CityEngineMaterial_302_mat'               'u_f006_t006_Residential_000.jpg'            ''                                
			355  'CityEngineMaterial_69_mat'                'flatRoof_11.jpg'                            'flatRoof_11.jpg'                 
			356  'CityEngineMaterial_312_mat'               'u_f005_t006_Residential_005.jpg'            ''                                
			357  'CityEngineMaterial_78_mat'                'u_f002_t003_Residential_005.jpg'            ''                                
			358  'CityEngineMaterial_140_mat'               'flatRoof_34.jpg'                            'flatRoof_34.jpg'                 
			359  'CityEngineMaterial_75_mat'                'flatRoof_21.jpg'                            'flatRoof_21.jpg'                 
			360  'CityEngineMaterial_17_mat'                'u_f002_t004_Residential_001.jpg'            ''                                